"K_E_M","GRUPO","MARKET_S_GRUPO","IHH_Municipio","lider","seguidor","S_D","participacion_lider","dominancia","CVE_ENT","CVE_MUN"
"01-001","AMÉRICA MÓVIL",34.531306642386845,2736.621297298782,0.34531306642386844,0.30656089205875486,0.48736923334840226,34.531306642386845,"no dominancia","01","001"
"01-002","AMÉRICA MÓVIL",71.61849710982659,5405.466270172742,0.716184971098266,0.11734104046242773,0.2504240034748906,71.61849710982659,"dominancia","01","002"
"01-003","AMÉRICA MÓVIL",86.4523881045359,7656.741086933591,0.864523881045359,0.13517572844698109,0.13543546833172093,86.4523881045359,"dominancia","01","003"
"01-004","MEGACABLE-MCM",99.21978264062271,9845.114104765016,0.9921978264062271,0.00739829637244823,0.00779910403198647,99.21978264062271,"dominancia","01","004"
"01-005","GRUPO TELEVISA",37.58044295862934,3403.707568163097,0.3758044295862934,0.3693272043460092,0.4975868072866797,37.58044295862934,"no dominancia","01","005"
"01-006","GRUPO TELEVISA",59.56151035322777,4977.194760160484,0.5956151035322776,0.37779131140885097,0.3939844617101268,59.56151035322777,"dominancia","01","006"
"01-007","GRUPO TELEVISA",59.96947147490937,4990.285633714274,0.5996947147490936,0.3730204159511544,0.38975523990918776,59.96947147490936,"dominancia","01","007"
"01-008","AMÉRICA MÓVIL",77.63779527559055,6527.69545539091,0.7763779527559055,0.22362204724409449,0.2236220472440945,77.63779527559055,"dominancia","01","008"
"01-009","AMÉRICA MÓVIL",51.46370023419203,3812.291242753483,0.5146370023419203,0.24121779859484774,0.3966673910897334,51.46370023419203,"dominancia","01","009"
"01-010","AMÉRICA MÓVIL",93.54838709677419,8783.81893860562,0.9354838709677419,0.0564516129032258,0.06402835587929245,93.54838709677419,"dominancia","01","010"
"01-011","AMÉRICA MÓVIL",50.65813753229179,4873.287624434514,0.5065813753229179,0.48013285767007013,0.4869514355951844,50.65813753229179,"dominancia","01","011"
"02-001","AMÉRICA MÓVIL",43.82591565601396,3020.3113449426824,0.43825915656013964,0.21902921323138108,0.4279513539699764,43.82591565601396,"dominancia","02","001"
"02-002","AMÉRICA MÓVIL",41.26189308605407,2910.664566215444,0.41261893086054074,0.2349317279566686,0.4424692673481052,41.26189308605407,"no dominancia","02","002"
"02-003","MEGACABLE-MCM",61.06462051878444,4494.913904895221,0.6106462051878444,0.22001567477372708,0.3377590546179117,61.06462051878444,"dominancia","02","003"
"02-004","AMÉRICA MÓVIL",38.48499230950208,2820.1453739128433,0.3848499230950208,0.24490054030677677,0.4559334056681539,38.48499230950208,"no dominancia","02","004"
"02-005","MEGACABLE-MCM",38.88881760441393,2899.7546598928125,0.3888881760441393,0.28972862000384936,0.46635432989119874,38.88881760441393,"no dominancia","02","005"
"02-006","GRUPO SALINAS",100,10000,1,0,0,100,"monopolio","02","006"
"02-007","GRUPO SALINAS",100,10000,1,0,0,100,"monopolio","02","007"
"03-001","MEGACABLE-MCM",78.86688283235475,6665.668571302095,0.7886688283235475,0.21111208483042676,0.2112848957961061,78.86688283235475,"dominancia","03","001"
"03-002","MEGACABLE-MCM",78.94321011300516,6674.311109283772,0.7894321011300517,0.2103045393602758,0.21051247849046478,78.94321011300516,"dominancia","03","002"
"03-003","AMÉRICA MÓVIL",57.28956537685677,5085.997630424514,0.5728956537685677,0.4247203374289382,0.42608896745941827,57.289565376856764,"dominancia","03","003"
"03-008","AMÉRICA MÓVIL",64.0927302723202,5385.606883529365,0.640927302723202,0.35745148872653,0.3584918797083868,64.0927302723202,"dominancia","03","008"
"03-009","MEGACABLE-MCM",84.40462277626283,7367.254902298022,0.8440462277626283,0.15592130892091935,0.1559487099876451,84.40462277626283,"dominancia","03","009"
"04-001","AMÉRICA MÓVIL",97.91767554479418,9590.049774578029,0.9791767554479418,0.011138014527845037,0.02066846847903203,97.91767554479418,"dominancia","04","001"
"04-002","AMÉRICA MÓVIL",39.96670171749036,3381.492767630945,0.3996670171749036,0.3000679109709078,0.46515351328848,39.96670171749036,"no dominancia","04","002"
"04-003","MEGACABLE-MCM",35.46576643105813,3340.5044533453834,0.35465766431058127,0.3439814326405739,0.49627058357361237,35.46576643105813,"no dominancia","04","003"
"04-004","MEGACABLE-MCM",83.84713271212183,7282.899534911062,0.8384713271212183,0.15890152292598825,0.16110776379189062,83.84713271212183,"dominancia","04","004"
"04-005","AMÉRICA MÓVIL",59.91156963890936,5005.107390973088,0.5991156963890937,0.37582903463522477,0.39115392280752814,59.91156963890937,"dominancia","04","005"
"04-006","AMÉRICA MÓVIL",97.45762711864407,9501.580005745474,0.9745762711864407,0.01694915254237288,0.02524418270611889,97.45762711864407,"dominancia","04","006"
"04-007","AMÉRICA MÓVIL",99.06103286384977,9813.529061694111,0.9906103286384977,0.004694835680751174,0.00935660913839842,99.06103286384977,"dominancia","04","007"
"04-008","AMÉRICA MÓVIL",84.42622950819671,7257.4576726686355,0.8442622950819672,0.09836065573770492,0.14844799785004037,84.42622950819671,"dominancia","04","008"
"04-009","AMÉRICA MÓVIL",99.77081741787624,9954.268532887147,0.9977081741787625,0.002291825821237586,0.0022918258212375475,99.77081741787624,"dominancia","04","009"
"04-010","AMÉRICA MÓVIL",97.75784753363229,9561.624002091336,0.9775784753363229,0.02242152466367713,0.022421524663677084,97.75784753363229,"dominancia","04","010"
"04-011","AMÉRICA MÓVIL",99.62216624685138,9924.65531790697,0.9962216624685137,0.0025188916876574307,0.0037743720219023946,99.62216624685138,"dominancia","04","011"
"04-012","GRUPO SALINAS",100,10000,1,0,0,100,"monopolio","04","012"
"05-001","GRUPO TELEVISA",100,10000,1,0,0,100,"monopolio","05","001"
"05-002","AMÉRICA MÓVIL",92.56940664126293,8619.515366258625,0.9256940664126293,0.07095808383233533,0.0740627725348037,92.56940664126293,"dominancia","05","002"
"05-003","MEGACABLE-MCM",83.62231605426287,7248.2848370539,0.8362231605426287,0.15982391519180666,0.16313725481966745,83.62231605426287,"dominancia","05","003"
"05-004","MEGACABLE-MCM",82.13160596085095,6861.473719004969,0.8213160596085095,0.08162542918834731,0.16605132045966658,82.13160596085095,"dominancia","05","004"
"05-005","GRUPO TELEVISA",89.74358974358975,8159.105851413545,0.8974358974358975,0.10256410256410256,0.10256410256410253,89.74358974358975,"dominancia","05","005"
"05-006","AMÉRICA MÓVIL",64.24778761061947,5382.711637399889,0.6424778761061947,0.3542351453855879,0.3563523584702109,64.24778761061947,"dominancia","05","006"
"05-007","AMÉRICA MÓVIL",85.37794299876084,7458.483621471972,0.8537794299876085,0.1288723667905824,0.14383438592612036,85.37794299876084,"dominancia","05","007"
"05-008","AMÉRICA MÓVIL",94.5945945945946,8962.746530314098,0.9459459459459459,0.027027027027027025,0.052958363769174566,94.5945945945946,"dominancia","05","008"
"05-009","MEGACABLE-MCM",88.18794459004118,7889.778716474535,0.8818794459004118,0.10539123923624111,0.11669797810306665,88.18794459004118,"dominancia","05","009"
"05-010","AMÉRICA MÓVIL",60.65563455609388,5203.014540916481,0.6065563455609388,0.3903605360850689,0.3922353738961907,60.65563455609389,"dominancia","05","010"
"05-011","AMÉRICA MÓVIL",95.85987261146497,9204.988031968842,0.9585987261146497,0.03980891719745223,0.04133661608990219,95.85987261146497,"dominancia","05","011"
"05-012","AMÉRICA MÓVIL",96.26168224299064,9280.286487902871,0.9626168224299064,0.037383177570093455,0.03738317757009357,96.26168224299064,"dominancia","05","012"
"05-013","GRUPO TELEVISA",100,10000,1,0,0,100,"monopolio","05","013"
"05-014","AMÉRICA MÓVIL",92.5287356321839,8617.386708944376,0.925287356321839,0.07471264367816093,0.074712643678161,92.5287356321839,"dominancia","05","014"
"05-015","GRUPO TELEVISA",100,10000,1,0,0,100,"monopolio","05","015"
"05-016","ROLANDO RAMIRO GONZALEZ TREVIÑO",93.83561643835617,8839.134922124225,0.9383561643835617,0.05821917808219178,0.061438590729968046,93.83561643835617,"dominancia","05","016"
"05-017","MEGACABLE-MCM",90.33712269698158,8231.991796496897,0.9033712269698158,0.08347216777734222,0.09544401453824919,90.33712269698158,"dominancia","05","017"
"05-018","GRUPO SALINAS",50.85198579480664,3820.406358697294,0.5085198579480664,0.2822902073219735,0.41054765761118056,50.851985794806644,"dominancia","05","018"
"05-019","AMÉRICA MÓVIL",95.91104734576757,9215.072178572236,0.9591104734576757,0.040172166427546625,0.04086045132963778,95.91104734576757,"dominancia","05","019"
"05-020","AMÉRICA MÓVIL",92.11614173228347,8543.484755719512,0.9211614173228346,0.07618110236220473,0.0786326017964536,92.11614173228347,"dominancia","05","020"
"05-021","AMÉRICA MÓVIL",91.46039603960396,8437.928879521616,0.9146039603960396,0.0853960396039604,0.08539603960396036,91.46039603960396,"dominancia","05","021"
"05-022","AMÉRICA MÓVIL",80.74405787116775,6803.013239300477,0.8074405787116775,0.16637960730279022,0.18786094278799104,80.74405787116775,"dominancia","05","022"
"05-023","AMÉRICA MÓVIL",99.37106918238995,9875.004944424669,0.9937106918238995,0.00628930817610063,0.0062893081761005165,99.37106918238995,"dominancia","05","023"
"05-024","MEGACABLE-MCM",84.07904278462654,7321.839979260018,0.8407904278462653,0.15891950688905004,0.15916343305597647,84.07904278462654,"dominancia","05","024"
"05-025","AMÉRICA MÓVIL",64.37213673205686,5376.009458326801,0.6437213673205686,0.35099259955362383,0.3544093030981741,64.37213673205686,"dominancia","05","025"
"05-026","AMÉRICA MÓVIL",100,10000,1,0,0,100,"monopolio","05","026"
"05-027","MEGACABLE-MCM",52.95819140231023,3541.0993384939457,0.5295819140231023,0.19897619364783345,0.3795672609891038,52.95819140231023,"dominancia","05","027"
"05-028","AMÉRICA MÓVIL",99.40324633991088,9881.325538149486,0.9940324633991088,0.005649267982176957,0.005965687968716993,99.40324633991088,"dominancia","05","028"
"05-029","ROLANDO RAMIRO GONZALEZ TREVIÑO",98.64661654135338,9732.624795070382,0.9864661654135338,0.012030075187969926,0.013514613601673386,98.64661654135338,"dominancia","05","029"
"05-030","AMÉRICA MÓVIL",34.1257827130893,2630.7443681053246,0.34125782713089303,0.2700051136690745,0.4782229284146757,34.1257827130893,"no dominancia","05","030"
"05-031","AMÉRICA MÓVIL",59.74087161366314,5189.769159587738,0.5974087161366314,0.4025912838633687,0.4025912838633686,59.74087161366314,"dominancia","05","031"
"05-032","AMÉRICA MÓVIL",96.5675057208238,9329.958461165124,0.965675057208238,0.01574909139857316,0.03385985888287346,96.5675057208238,"dominancia","05","032"
"05-033","MEGACABLE-MCM",87.49394447549841,7804.39338886804,0.8749394447549841,0.12211663871809204,0.12469672073182259,87.49394447549841,"dominancia","05","033"
"05-034","GRUPO TELEVISA",100,10000,1,0,0,100,"monopolio","05","034"
"05-035","MEGACABLE-MCM",46.71419909256278,3606.983431870387,0.4671419909256278,0.31521525498149583,0.44056950864354505,46.71419909256278,"dominancia","05","035"
"05-036","AMÉRICA MÓVIL",70.09345794392523,5702.681456895798,0.7009345794392523,0.2803738317757009,0.29365010044545375,70.09345794392523,"dominancia","05","036"
"05-037","AMÉRICA MÓVIL",100,10000,1,0,0,100,"monopolio","05","037"
"05-038","AMÉRICA MÓVIL",97.85547785547786,9580.293521552263,0.9785547785547786,0.021445221445221447,0.02144522144522143,97.85547785547786,"dominancia","05","038"
"06-001","AMÉRICA MÓVIL",89.55133995784402,8128.616984921899,0.8955133995784402,0.10448660042155974,0.10448660042155977,89.55133995784402,"dominancia","06","001"
"06-002","MEGACABLE-MCM",54.53304535637149,4002.793978606981,0.5453304535637149,0.25789200863930883,0.3845614922680052,54.53304535637149,"dominancia","06","002"
"06-003","AMÉRICA MÓVIL",89.40548780487805,8105.5849382807855,0.8940548780487805,0.10594512195121951,0.10594512195121952,89.40548780487805,"dominancia","06","003"
"06-004","AMÉRICA MÓVIL",85.49280177187156,7519.477955234737,0.8549280177187155,0.1450719822812846,0.14507198228128448,85.49280177187156,"dominancia","06","004"
"06-005","MEGACABLE-MCM",85.70667802747896,7517.4165020963865,0.8570667802747896,0.1304718287357546,0.14122971612152885,85.70667802747896,"dominancia","06","005"
"06-006","MEGACABLE-MCM",98.40148937536111,9685.288170915543,0.9840148937536111,0.015599922963343392,0.015979023233765877,98.40148937536111,"dominancia","06","006"
"06-007","AMÉRICA MÓVIL",40.03555692973642,3367.1063560119564,0.4003555692973642,0.3067790059519208,0.46691438831271603,40.03555692973642,"no dominancia","06","007"
"06-008","AMÉRICA MÓVIL",94.90291262135922,9025.326373833537,0.9490291262135923,0.04247572815533981,0.05057395254029595,94.90291262135922,"dominancia","06","008"
"06-009","AMÉRICA MÓVIL",54.81681072190922,4827.409820357801,0.5481681072190923,0.42646183994121145,0.4406907135769406,54.81681072190923,"dominancia","06","009"
"06-010","AMÉRICA MÓVIL",96.70012165450122,9359.899098543106,0.9670012165450121,0.029805352798053523,0.03289850312794146,96.70012165450122,"dominancia","06","010"
"07-001","AMÉRICA MÓVIL",50.51546391752577,4966.757596154981,0.5051546391752577,0.49140893470790376,0.493150765815236,50.51546391752577,"dominancia","07","001"
"07-002","AMÉRICA MÓVIL",84.71615720524018,7410.4231421979,0.8471615720524018,0.15283842794759825,0.15283842794759817,84.71615720524018,"dominancia","07","002"
"07-003","AMÉRICA MÓVIL",78.04878048780488,6573.468173706127,0.7804878048780488,0.21951219512195125,0.2195121951219512,78.04878048780488,"dominancia","07","003"
"07-004","GRUPO TELEVISA",62.264150943396224,5300.818796724812,0.6226415094339622,0.37735849056603776,0.37735849056603776,62.264150943396224,"dominancia","07","004"
"07-005","GRUPO TELEVISA",100,10000,1,0,0,100,"monopolio","07","005"
"07-006","GRUPO TELEVISA",100,10000,1,0,0,100,"monopolio","07","006"
"07-008","AMÉRICA MÓVIL",98.29351535836177,9664.527251336649,0.9829351535836177,0.017064846416382253,0.017064846416382284,98.29351535836177,"dominancia","07","008"
"07-009","MEGACABLE-MCM",92.64079976244679,8627.616839241155,0.9264079976244679,0.06700979906958329,0.07312926755438492,92.64079976244679,"dominancia","07","009"
"07-010","GRUPO TELEVISA",100,10000,1,0,0,100,"monopolio","07","010"
"07-011","GRUPO TELEVISA",100,10000,1,0,0,100,"monopolio","07","011"
"07-012","MEGACABLE-MCM",94.62733594089526,8976.593443963011,0.9462733594089526,0.04677314211212516,0.05337722804796807,94.62733594089526,"dominancia","07","012"
"07-013","AMÉRICA MÓVIL",99.88901220865705,9977.820919166152,0.9988901220865705,5.549389567147614e-4,0.0011094159775610346,99.88901220865705,"dominancia","07","013"
"07-015","AMÉRICA MÓVIL",50.84473049074819,5001.427139203999,0.5084473049074819,0.4915526950925181,0.4915526950925181,50.84473049074819,"dominancia","07","015"
"07-016","MEGACABLE-MCM",97.8325208913649,9575.900109645718,0.9783252089136489,0.021674791086350974,0.021674791086351064,97.8325208913649,"dominancia","07","016"
"07-017","MEGACABLE-MCM",88.95705521472392,8033.821596597538,0.8895705521472392,0.10975460122699386,0.11035515262147622,88.95705521472392,"dominancia","07","017"
"07-018","GRUPO TELEVISA",100,10000,1,0,0,100,"monopolio","07","018"
"07-019","MEGACABLE-MCM",63.922982011818945,5361.01728356939,0.6392298201181894,0.35703617117994674,0.3594300323012517,63.92298201181894,"dominancia","07","019"
"07-020","AMÉRICA MÓVIL",99.81412639405205,9962.894376805187,0.9981412639405205,0.0018587360594795538,0.0018587360594795044,99.81412639405205,"dominancia","07","020"
"07-021","AMÉRICA MÓVIL",100,10000,1,0,0,100,"monopolio","07","021"
"07-023","AMÉRICA MÓVIL",87.87878787878788,7814.508723599632,0.8787878787878788,0.09090909090909091,0.11799816345270892,87.87878787878788,"dominancia","07","023"
"07-026","GRUPO TELEVISA",100,10000,1,0,0,100,"monopolio","07","026"
"07-027","MEGACABLE-MCM",84.0751280591918,7246.813834182741,0.840751280591918,0.13039271485486625,0.15506977213513629,84.0751280591918,"dominancia","07","027"
"07-029","GRUPO TELEVISA",55.88235294117647,4826.989619377163,0.5588235294117647,0.411764705882353,0.4286332179930796,55.88235294117647,"dominancia","07","029"
"07-030","AMÉRICA MÓVIL",98.30508474576271,9666.762424590635,0.9830508474576272,0.01694915254237288,0.016949152542372836,98.30508474576271,"dominancia","07","030"
"07-031","AMÉRICA MÓVIL",100,10000,1,0,0,100,"monopolio","07","031"
"07-032","MEGACABLE-MCM",93.7258915216878,8818.8491185289,0.937258915216878,0.058411398882153825,0.0624788086829256,93.7258915216878,"dominancia","07","032"
"07-033","GRUPO TELEVISA",100,10000,1,0,0,100,"monopolio","07","033"
"07-034","AMÉRICA MÓVIL",95.84507042253522,9202.410236064274,0.9584507042253522,0.04014084507042254,0.041491767506447064,95.84507042253522,"dominancia","07","034"
"07-035","GRUPO TELEVISA",100,10000,1,0,0,100,"monopolio","07","035"
"07-037","MEGACABLE-MCM",89.19627749576988,8062.908231481242,0.8919627749576988,0.10329949238578681,0.10753659660846138,89.19627749576988,"dominancia","07","037"
"07-039","AMÉRICA MÓVIL",100,10000,1,0,0,100,"monopolio","07","039"
"07-040","MEGACABLE-MCM",86.07354338767455,7581.933993216507,0.8607354338767454,0.13144235689743403,0.1382058030278816,86.07354338767455,"dominancia","07","040"
"07-041","GRUPO TELEVISA",100,10000,1,0,0,100,"monopolio","07","041"
"07-043","AMÉRICA MÓVIL",100,10000,1,0,0,100,"monopolio","07","043"
"07-044","AMÉRICA MÓVIL",91.0958904109589,8377.744417339089,0.910958904109589,0.08904109589041097,0.08904109589041098,91.0958904109589,"dominancia","07","044"
"07-046","AMÉRICA MÓVIL",99.09909909909909,9821.037253469685,0.990990990990991,0.0045045045045045045,0.00897857316776235,99.09909909909909,"dominancia","07","046"
"07-047","AMÉRICA MÓVIL",100,10000,1,0,0,100,"monopolio","07","047"
"07-048","AMÉRICA MÓVIL",97.82608695652175,9572.306238185258,0.9782608695652175,0.010869565217391304,0.021561909262759804,97.82608695652175,"dominancia","07","048"
"07-049","AMÉRICA MÓVIL",100,10000,1,0,0,100,"monopolio","07","049"
"07-050","MEGACABLE-MCM",99.23629829290206,9848.426139175263,0.9923629829290206,0.007637017070979336,0.007637017070979413,99.23629829290206,"dominancia","07","050"
"07-051","MEGACABLE-MCM",91.19144227222426,8368.781530116044,0.9119144227222427,0.07060125414976023,0.08669831135933898,91.19144227222426,"dominancia","07","051"
"07-052","CABLE Y MAS",52.05797101449276,5008.470489392985,0.5205797101449275,0.4794202898550724,0.47942028985507246,52.05797101449276,"dominancia","07","052"
"07-053","GRUPO SALINAS",100,10000,1,0,0,100,"monopolio","07","053"
"07-054","AMÉRICA MÓVIL",77.56756756756756,6519.941563184806,0.7756756756756756,0.22432432432432436,0.22432432432432436,77.56756756756756,"dominancia","07","054"
"07-055","AMÉRICA MÓVIL",86.40350877192984,7650.430901815946,0.8640350877192984,0.13596491228070176,0.13596491228070162,86.40350877192984,"dominancia","07","055"
"07-057","AMÉRICA MÓVIL",99.83909895414321,9967.871569121759,0.9983909895414321,0.0016090104585679806,0.0016090104585678722,99.83909895414321,"dominancia","07","057"
"07-059","AMÉRICA MÓVIL",99.33505725895826,9867.772930364696,0.9933505725895826,0.005541189508681197,0.006642672358559754,99.33505725895826,"dominancia","07","059"
"07-061","MEGACABLE-MCM",83.30615731035017,7202.2437924236665,0.8330615731035017,0.1618914511996273,0.1661086286949202,83.30615731035017,"dominancia","07","061"
"07-063","AMÉRICA MÓVIL",100,10000,1,0,0,100,"monopolio","07","063"
"07-064","AMÉRICA MÓVIL",99.3975903614458,9880.243867034404,0.993975903614458,0.006024096385542169,0.0060240963855420215,99.3975903614458,"dominancia","07","064"
"07-065","MEGACABLE-MCM",77.31340298955156,6490.00552731668,0.7731340298955156,0.22641603759436082,0.22676399694872545,77.31340298955156,"dominancia","07","065"
"07-067","GRUPO TELEVISA",100,10000,1,0,0,100,"monopolio","07","067"
"07-068","AMÉRICA MÓVIL",99.69604863221885,9939.3534386744,0.9969604863221885,0.002026342451874367,0.003036947387978828,99.69604863221885,"dominancia","07","068"
"07-069","AMÉRICA MÓVIL",80.3680981595092,6792.335261227579,0.803680981595092,0.18200408997955012,0.1936111842958167,80.3680981595092,"dominancia","07","069"
"07-071","MEGACABLE-MCM",96.258942183651925,9272.953692345629,0.9625894218365193,0.021930338923419727,0.036951272366865795,96.258942183651925,"dominancia","07","071"
"07-072","AMÉRICA MÓVIL",90.1673640167364,8226.83426410602,0.901673640167364,0.09832635983263599,0.09832635983263605,90.1673640167364,"dominancia","07","072"
"07-074","AMÉRICA MÓVIL",99.6343692870201,9927.104094091048,0.9963436928702011,0.0030469226081657527,0.0036542647075752943,99.6343692870201,"dominancia","07","074"
"07-075","AMÉRICA MÓVIL",100,10000,1,0,0,100,"monopolio","07","075"
"07-077","AMÉRICA MÓVIL",98.08917197452229,9625.13692239036,0.9808917197452228,0.01910828025477707,0.019108280254777177,98.08917197452229,"dominancia","07","077"
"07-078","AMÉRICA MÓVIL",52.92509830248394,4979.236406442324,0.5292509830248394,0.46669703653975253,0.46884976044111415,52.92509830248394,"dominancia","07","078"
"07-079","AMÉRICA MÓVIL",99.18991899189919,9839.069415492406,0.991899189918992,0.0063006300630063005,0.008087847488619238,99.18991899189919,"dominancia","07","079"
"07-080","GRUPO TELEVISA",100,10000,1,0,0,100,"monopolio","07","080"
"07-081","AMÉRICA MÓVIL",100,10000,1,0,0,100,"monopolio","07","081"
"07-083","GRUPO TELEVISA",87.5,7812.5,0.875,0.125,0.125,87.5,"dominancia","07","083"
"07-085","AMÉRICA MÓVIL",100,10000,1,0,0,100,"monopolio","07","085"
"07-086","AMÉRICA MÓVIL",93.5,8782.90625,0.935,0.06375,0.06491953124999994,93.5,"dominancia","07","086"
"07-087","AMÉRICA MÓVIL",93.88097233864208,8849.084032379436,0.9388097233864208,0.059513830678960614,0.061089099658598045,93.88097233864208,"dominancia","07","087"
"07-089","AMÉRICA MÓVIL",48.17541516135887,3686.1419802370297,0.4817541516135887,0.30091988220650295,0.4292328564551235,48.17541516135887,"dominancia","07","089"
"07-091","AMÉRICA MÓVIL",100,10000,1,0,0,100,"monopolio","07","091"
"07-092","AMÉRICA MÓVIL",100,10000,1,0,0,100,"monopolio","07","092"
"07-093","GRUPO SALINAS",100,10000,1,0,0,100,"monopolio","07","093"
"07-094","MEGACABLE-MCM",95.23690147906744,9092.049388010562,0.9523690147906744,0.04687891702180998,0.04759544626388901,95.23690147906744,"dominancia","07","094"
"07-096","AMÉRICA MÓVIL",100,10000,1,0,0,100,"monopolio","07","096"
"07-097","MEGACABLE-MCM",74.61673404011898,6154.709969505751,0.7461673404011898,0.24201052551292807,0.2509016972888293,74.61673404011898,"dominancia","07","097"
"07-099","AMÉRICA MÓVIL",92.38505747126436,8592.986193684765,0.9238505747126436,0.07614942528735633,0.07614942528735635,92.38505747126436,"dominancia","07","099"
"07-101","AMÉRICA MÓVIL",42.09698386515331,3421.7086187513887,0.42096983865153315,0.2878819326859003,0.4528302010563357,42.09698386515331,"no dominancia","07","101"
"07-102","GRUPO TELEVISA",61.201298701298704,5242.563623245442,0.612012987012987,0.3869047619047619,0.387567699256011,61.201298701298704,"dominancia","07","102"
"07-103","GRUPO TELEVISA",70.9090909090909,5775.206611570248,0.7090909090909091,0.2727272727272727,0.2857851239669421,70.9090909090909,"dominancia","07","103"
"07-104","AMÉRICA MÓVIL",100,10000,1,0,0,100,"monopolio","07","104"
"07-105","AMÉRICA MÓVIL",99.7854077253219,9957.173644753084,0.9978540772532191,0.002145922746781116,0.002145922746780937,99.7854077253219,"dominancia","07","105"
"07-106","AMÉRICA MÓVIL",97.62419006479482,9535.193987936687,0.9762419006479481,0.02159827213822894,0.023709118389319384,97.62419006479482,"dominancia","07","106"
"07-107","AMÉRICA MÓVIL",99.94334277620396,9988.674975322809,0.9994334277620396,5.665722379603399e-4,5.665722379604166e-4,99.94334277620396,"dominancia","07","107"
"07-108","MEGACABLE-MCM",80.11567061415589,6810.634082062561,0.8011567061415589,0.19801707518589923,0.19867934713479296,80.11567061415589,"dominancia","07","108"
"07-109","AMÉRICA MÓVIL",99.79445015416239,9958.958688283556,0.997944501541624,0.0015416238437821169,0.002054574223457728,99.79445015416239,"dominancia","07","109"
"07-111","AMÉRICA MÓVIL",99,9802,0.99,0.01,0.010000000000000009,99,"dominancia","07","111"
"07-114","GRUPO SALINAS",50,5000,0.5,0.5,0.5,50,"no dominancia","07","114"
"07-121","GRUPO TELEVISA",100,10000,1,0,0,100,"monopolio","07","121"
"07-123","GRUPO TELEVISA",100,10000,1,0,0,100,"monopolio","07","123"
"07-124","GRUPO TELEVISA",100,10000,1,0,0,100,"monopolio","07","124"
"08-001","AMÉRICA MÓVIL",95.62433297758804,9162.248325396453,0.9562433297758804,0.04268943436499466,0.04371054103277,95.62433297758804,"dominancia","08","001"
"08-002","AMÉRICA MÓVIL",60.396039603960396,5208.332516419959,0.6039603960396039,0.39504950495049507,0.395647975688658,60.396039603960396,"dominancia","08","002"
"08-003","ROLANDO RAMIRO GONZALEZ TREVIÑO",57.452966714905926,5038.598394491089,0.5745296671490593,0.41678726483357453,0.4218136428465217,57.452966714905926,"dominancia","08","003"
"08-004","AMÉRICA MÓVIL",97.88590604026845,9585.980361244987,0.9788590604026846,0.02080536912751678,0.021133901626052887,97.88590604026845,"dominancia","08","004"
"08-005","MEGACABLE-MCM",89.08809610484164,8055.1638289856255,0.8908809610484164,0.10884601383327266,0.10908928398442147,89.08809610484164,"dominancia","08","005"
"08-006","AMÉRICA MÓVIL",82.75862068965517,7146.254458977408,0.8275862068965517,0.1724137931034483,0.1724137931034483,82.75862068965517,"dominancia","08","006"
"08-007","AMÉRICA MÓVIL",50,3750,0.5,0.25,0.40625,50,"dominancia","08","007"
"08-009","AMÉRICA MÓVIL",100,10000,1,0,0,100,"monopolio","08","009"
"08-010","AMÉRICA MÓVIL",98.77216916780354,9757.151179346682,0.9877216916780354,0.010914051841746248,0.012262488158142182,98.77216916780354,"dominancia","08","010"
"08-011","GRUPO TELEVISA",75.1032394236946,6260.3452591266705,0.751032394236946,0.24896760576305405,0.248967605763054,75.1032394236946,"dominancia","08","011"
"08-012","AMÉRICA MÓVIL",70.58823529411765,5740.09996155325,0.7058823529411765,0.27450980392156865,0.2885428681276432,70.58823529411765,"dominancia","08","012"
"08-013","MEGACABLE-MCM",93.10725117176729,8715.156270987534,0.9310725117176729,0.06796250344637442,0.06886143989922117,93.10725117176729,"dominancia","08","013"
"08-014","GRUPO TELEVISA",100,10000,1,0,0,100,"monopolio","08","014"
"08-016","MEGACABLE-MCM",99.86747653230259,9973.5304313995,0.9986747653230259,0.0013252346769740476,0.0013252346769740964,99.86747653230259,"dominancia","08","016"
"08-017","GRUPO TELEVISA",58.27361044752349,5127.846917006088,0.5827361044752348,0.41617561182778573,0.41681038621063,58.27361044752348,"dominancia","08","017"
"08-018","GRUPO TELEVISA",100,10000,1,0,0,100,"monopolio","08","018"
"08-019","AMÉRICA MÓVIL",43.83916990920882,3025.602589870147,0.4383916990920882,0.2278664072632944,0.42986790886311677,43.83916990920882,"dominancia","08","019"
"08-020","GRUPO TELEVISA",100,10000,1,0,0,100,"monopolio","08","020"
"08-021","GRUPO TELEVISA",46.120034602885134,3611.1048452532327,0.46120034602885135,0.3109583596362021,0.4419946711252527,46.120034602885134,"dominancia","08","021"
"08-023","AMÉRICA MÓVIL",99.03846153846153,9809.541420118343,0.9903846153846153,0.009615384615384616,0.009615384615384692,99.03846153846153,"dominancia","08","023"
"08-024","AMÉRICA MÓVIL",99.01960784313727,9805.843906189928,0.9901960784313727,0.00980392156862745,0.009803921568627305,99.01960784313727,"dominancia","08","024"
"08-025","AMÉRICA MÓVIL",99.07550077041603,9816.809551734208,0.9907550077041603,0.009244992295839754,0.009244992295839749,99.07550077041603,"dominancia","08","025"
"08-027","AMÉRICA MÓVIL",96.84329199549042,9387.901658555433,0.9684329199549042,0.030439684329199544,0.0315321269648397,96.84329199549042,"dominancia","08","027"
"08-028","AMÉRICA MÓVIL",98.4251968503937,9688.759377518754,0.984251968503937,0.007874015748031496,0.015655031310062573,98.4251968503937,"dominancia","08","028"
"08-029","AMÉRICA MÓVIL",90.27777777777777,8198.302469135802,0.9027777777777777,0.05555555555555555,0.09403935185185197,90.27777777777777,"dominancia","08","029"
"08-030","AMÉRICA MÓVIL",86.36363636363637,7644.628099173556,0.8636363636363638,0.13636363636363635,0.13636363636363624,86.36363636363637,"dominancia","08","030"
"08-031","AMÉRICA MÓVIL",85.95578673602081,7583.819359071702,0.8595578673602081,0.1397919375812744,0.1403510292359489,85.95578673602081,"dominancia","08","031"
"08-032","GRUPO TELEVISA",64.53524399690163,5415.97093264998,0.6453524399690163,0.353718048024787,0.3543183428622514,64.53524399690163,"dominancia","08","032"
"08-034","AMÉRICA MÓVIL",99.45652173913044,9891.895085066164,0.9945652173913043,0.005434782608695652,0.005434782608695676,99.45652173913044,"dominancia","08","034"
"08-035","MEGACABLE-MCM",96.93165969316597,9405.161363110277,0.9693165969316597,0.030683403068340307,0.030683403068340276,96.93165969316597,"dominancia","08","035"
"08-036","AMÉRICA MÓVIL",99.95047052996533,9990.09778574567,0.9995047052996533,2.4764735017335313e-4,4.952027065316389e-4,99.95047052996533,"dominancia","08","036"
"08-037","AMÉRICA MÓVIL",32.13060393999761,2675.4869487586607,0.32130603939997615,0.301557099317226,0.49384955659686014,32.13060393999761,"no dominancia","08","037"
"08-038","AMÉRICA MÓVIL",92.66055045871559,8628.061610975506,0.926605504587156,0.06422018348623854,0.07276323541789415,92.66055045871559,"dominancia","08","038"
"08-039","AMÉRICA MÓVIL",99.4818652849741,9896.909984160651,0.994818652849741,0.005181347150259068,0.005181347150258975,99.4818652849741,"dominancia","08","039"
"08-040","AMÉRICA MÓVIL",99.84126984126983,9968.304358780548,0.9984126984126983,0.0015873015873015873,0.0015873015873016927,99.84126984126983,"dominancia","08","040"
"08-042","AMÉRICA MÓVIL",100,10000,1,0,0,100,"monopolio","08","042"
"08-043","AMÉRICA MÓVIL",54.054054054054056,5032.870708546385,0.5405405405405406,0.4594594594594595,0.45945945945945943,54.054054054054056,"dominancia","08","043"
"08-044","AMÉRICA MÓVIL",99.61089494163424,9922.48179381974,0.9961089494163424,0.0038910505836575876,0.0038910505836575737,99.61089494163424,"dominancia","08","044"
"08-045","GRUPO TELEVISA",66.83535762483132,5561.278185732161,0.6683535762483132,0.33080296896086375,0.33136705069470623,66.83535762483132,"dominancia","08","045"
"08-047","GRUPO TELEVISA",100,10000,1,0,0,100,"monopolio","08","047"
"08-048","AMÉRICA MÓVIL",98.65871833084948,9734.986373964168,0.9865871833084948,0.011922503725782414,0.013393937913250886,98.65871833084948,"dominancia","08","048"
"08-050","MEGACABLE-MCM",70.82392505404756,5855.01724726984,0.7082392505404757,0.28964688926255105,0.29114624222666896,70.82392505404756,"dominancia","08","050"
"08-051","GRUPO SALINAS",81.81818181818183,7024.793388429754,0.8181818181818182,0.18181818181818182,0.18181818181818177,81.81818181818183,"dominancia","08","051"
"08-052","AMÉRICA MÓVIL",99.92810927390367,9985.629607195482,0.9992810927390368,3.5945363048166793e-4,7.187134505945436e-4,99.92810927390367,"dominancia","08","052"
"08-053","AMÉRICA MÓVIL",100,10000,1,0,0,100,"monopolio","08","053"
"08-055","GRUPO TELEVISA",85.45335942596216,7513.8813891729205,0.8545335942596216,0.14546640574037834,0.1454664057403784,85.45335942596216,"dominancia","08","055"
"08-058","GRUPO TELEVISA",100,10000,1,0,0,100,"monopolio","08","058"
"08-059","AMÉRICA MÓVIL",100,10000,1,0,0,100,"monopolio","08","059"
"08-060","GRUPO TELEVISA",71.09311740890688,5889.83920405186,0.7109311740890688,0.28906882591093114,0.2890688259109312,71.09311740890688,"dominancia","08","060"
"08-061","GRUPO TELEVISA",88.88888888888889,8024.691358024691,0.8888888888888888,0.1111111111111111,0.11111111111111116,88.88888888888889,"dominancia","08","061"
"08-062","AMÉRICA MÓVIL",50.68912710566616,4994.916148580354,0.5068912710566615,0.49249617151607966,0.49280685914227895,50.68912710566615,"dominancia","08","062"
"08-063","AMÉRICA MÓVIL",100,10000,1,0,0,100,"monopolio","08","063"
"08-065","GRUPO TELEVISA",80,6800,0.8,0.2,0.19999999999999996,80,"dominancia","08","065"
"08-067","AMÉRICA MÓVIL",100,10000,1,0,0,100,"monopolio","08","067"
"09-002","AMÉRICA MÓVIL",35.61050912869229,2873.935141273076,0.3561050912869229,0.2934956211963782,0.4796644218104901,35.61050912869229,"no dominancia","09","002"
"09-003","AMÉRICA MÓVIL",48.3286279881726,3726.5051311198445,0.483286279881726,0.3112168189639331,0.43164514004205573,48.3286279881726,"dominancia","09","003"
"09-004","AMÉRICA MÓVIL",45.83650914634146,3548.6222235091195,0.45836509146341464,0.27085148083623695,0.43163098379945897,45.83650914634146,"dominancia","09","004"
"09-005","AMÉRICA MÓVIL",36.34798116451918,2847.2310198283963,0.36347981164519183,0.3009665575680461,0.4792316476503679,36.34798116451918,"no dominancia","09","005"
"09-006","AMÉRICA MÓVIL",38.511782477341384,2909.863690181725,0.38511782477341383,0.27566767371601203,0.4638384636868959,38.511782477341384,"no dominancia","09","006"
"09-007","GRUPO TELEVISA",35.531792432825426,3237.540304700306,0.35531792432825426,0.33932931447093395,0.49444677815518745,35.531792432825426,"no dominancia","09","007"
"09-008","GRUPO SALINAS",39.28044749555047,3406.9450707176375,0.3928044749555047,0.33565980167810827,0.47918607345875863,39.28044749555047,"no dominancia","09","008"
"09-009","AMÉRICA MÓVIL",61.007612179487175,4488.5966183714445,0.6100761217948718,0.21294070512820512,0.336575434758113,61.00761217948718,"dominancia","09","009"
"09-010","GRUPO SALINAS",35.260026145857005,3352.1392733867224,0.35260026145857004,0.34961686769998784,0.49895250489984944,35.260026145857005,"no dominancia","09","010"
"09-011","AMÉRICA MÓVIL",63.558430717863104,4942.392071092332,0.635584307178631,0.29147746243739564,0.3404958497886015,63.558430717863104,"dominancia","09","011"
"09-012","AMÉRICA MÓVIL",43.26682907274353,3515.81577087228,0.43266829072743535,0.3252071558525658,0.45927892220835725,43.26682907274353,"no dominancia","09","012"
"09-013","AMÉRICA MÓVIL",40.72301136363637,3519.567612829287,0.4072301136363637,0.36860795454545453,0.4850177293509491,40.72301136363637,"no dominancia","09","013"
"09-014","AMÉRICA MÓVIL",39.45319818810365,3226.7234895909723,0.3945319818810365,0.29713704211226266,0.46631746853412304,39.45319818810365,"no dominancia","09","014"
"09-015","AMÉRICA MÓVIL",54.993730345782915,3967.704693297694,0.5499373034578291,0.25646824797631324,0.38167246224278567,54.99373034578291,"dominancia","09","015"
"09-016","AMÉRICA MÓVIL",49.4446563797647,3565.6371065245503,0.494446563797647,0.26679733575378084,0.4133517069570075,49.4446563797647,"dominancia","09","016"
"09-017","AMÉRICA MÓVIL",37.06438332334693,2848.9536114884,0.37064383323346933,0.285398586440394,0.4720377510140876,37.06438332334693,"no dominancia","09","017"
"10-001","AMÉRICA MÓVIL",78.87243735763097,6667.235277940649,0.7887243735763098,0.21127562642369022,0.21127562642369024,78.87243735763097,"dominancia","10","001"
"10-002","GRUPO TELEVISA",100,10000,1,0,0,100,"monopolio","10","002"
"10-003","GRUPO TELEVISA",100,10000,1,0,0,100,"monopolio","10","003"
"10-004","AMÉRICA MÓVIL",83.82229673093043,7282.527512754269,0.8382229673093043,0.16010058675607708,0.16150722747741253,83.82229673093043,"dominancia","10","004"
"10-005","MEGACABLE-MCM",40.37003657954726,3510.4080588192583,0.4037003657954726,0.3721748042905865,0.487770049802669,40.37003657954726,"no dominancia","10","005"
"10-006","GRUPO TELEVISA",100,10000,1,0,0,100,"monopolio","10","006"
"10-007","MEGACABLE-MCM",46.49669064748202,3539.289000445112,0.4649669064748202,0.2771338129496403,0.430304463081621,46.49669064748202,"dominancia","10","007"
"10-008","AMÉRICA MÓVIL",98.88108248763986,9778.663573086475,0.9888108248763986,0.010928961748633882,0.011186297406079626,98.88108248763986,"dominancia","10","008"
"10-009","GRUPO TELEVISA",100,10000,1,0,0,100,"monopolio","10","009"
"10-011","GRUPO TELEVISA",75,6250,0.75,0.25,0.25,75,"dominancia","10","011"
"10-012","MEGACABLE-MCM",58.04879507265442,4187.1779013913765,0.5804879507265442,0.21883035340548943,0.3554602313164343,58.04879507265442,"dominancia","10","012"
"10-013","AMÉRICA MÓVIL",96.9502407704655,9408.329590305171,0.969502407704655,0.029962546816479405,0.030481417833303326,96.9502407704655,"dominancia","10","013"
"10-014","AMÉRICA MÓVIL",66.43835616438356,5495.402514543066,0.6643835616438356,0.3287671232876712,0.33334115218615123,66.43835616438356,"dominancia","10","014"
"10-015","AMÉRICA MÓVIL",98.9795918367347,9798.000832986256,0.989795918367347,0.010204081632653062,0.010204081632652962,98.9795918367347,"dominancia","10","015"
"10-016","AMÉRICA MÓVIL",72.42990654205607,6006.201414970739,0.7242990654205608,0.2757009345794392,0.2757009345794392,72.42990654205607,"dominancia","10","016"
"10-017","AMÉRICA MÓVIL",100,10000,1,0,0,100,"monopolio","10","017"
"10-018","AMÉRICA MÓVIL",99.01185770750988,9804.32439188239,0.9901185770750988,0.009881422924901186,0.00988142292490124,99.01185770750988,"dominancia","10","018"
"10-019","GRUPO TELEVISA",100,10000,1,0,0,100,"monopolio","10","019"
"10-020","AMÉRICA MÓVIL",99.71830985915493,9943.78099583416,0.9971830985915493,0.0014084507042253522,0.0028139258083713647,99.71830985915493,"dominancia","10","020"
"10-021","AMÉRICA MÓVIL",66.00331674958541,5489.880613516168,0.6600331674958541,0.33665008291873966,0.3388447480672921,66.00331674958541,"dominancia","10","021"
"10-022","AMÉRICA MÓVIL",99.75490196078431,9951.100538254517,0.9975490196078431,0.0024509803921568627,0.002450980392156854,99.75490196078431,"dominancia","10","022"
"10-023","AMÉRICA MÓVIL",99.62043795620437,9924.31434812723,0.9962043795620437,0.0026277372262773716,0.0037918695721669837,99.62043795620437,"dominancia","10","023"
"10-024","AMÉRICA MÓVIL",98.88059701492539,9778.068612163068,0.9888059701492539,0.007462686567164178,0.011159222543996317,98.88059701492539,"dominancia","10","024"
"10-025","GRUPO TELEVISA",100,10000,1,0,0,100,"monopolio","10","025"
"10-026","AMÉRICA MÓVIL",88,7852.734693877551,0.88,0.10285714285714284,0.11808979591836738,88,"dominancia","10","026"
"10-027","GRUPO TELEVISA",100,10000,1,0,0,100,"monopolio","10","027"
"10-028","AMÉRICA MÓVIL",75.80645161290323,6331.945889698232,0.7580645161290324,0.24193548387096775,0.2419354838709677,75.80645161290323,"dominancia","10","028"
"10-030","GRUPO SALINAS",100,10000,1,0,0,100,"monopolio","10","030"
"10-031","AMÉRICA MÓVIL",100,10000,1,0,0,100,"monopolio","10","031"
"10-032","AMÉRICA MÓVIL",91.00473435034193,8358.182976871169,0.9100473435034193,0.0873224618621778,0.08971952246402048,91.00473435034193,"dominancia","10","032"
"10-033","AMÉRICA MÓVIL",66.3716814159292,5536.063904769363,0.6637168141592921,0.336283185840708,0.33628318584070793,66.3716814159292,"dominancia","10","033"
"10-034","GRUPO TELEVISA",100,10000,1,0,0,100,"monopolio","10","034"
"10-035","AMÉRICA MÓVIL",96.34146341463415,9295.062462819751,0.9634146341463414,0.036585365853658534,0.03658536585365857,96.34146341463415,"dominancia","10","035"
"10-036","AMÉRICA MÓVIL",72.20338983050847,5949.209997127261,0.7220338983050847,0.2711864406779661,0.2761045676529733,72.20338983050847,"dominancia","10","036"
"10-037","GRUPO TELEVISA",100,10000,1,0,0,100,"monopolio","10","037"
"10-038","AMÉRICA MÓVIL",99.79035639412997,9958.159179708959,0.9979035639412998,0.0020964360587002098,0.002096436058700246,99.79035639412997,"dominancia","10","038"
"10-039","AMÉRICA MÓVIL",77.3715415019763,6498.402568388822,0.7737154150197629,0.22628458498023715,0.22628458498023707,77.3715415019763,"dominancia","10","039"
"11-001","MEGACABLE-MCM",74.45226607608953,6026.4661648265,0.7445226607608952,0.2179862374436447,0.246602003664177,74.45226607608953,"dominancia","11","001"
"11-002","AMÉRICA MÓVIL",74.90332176499753,6168.783633611084,0.7490332176499753,0.23584531482399604,0.24728612569067726,74.90332176499753,"dominancia","11","002"
"11-003","AMÉRICA MÓVIL",39.80800268293194,3448.160287381508,0.3980800268293194,0.38850112138171,0.49623270677720727,39.80800268293194,"no dominancia","11","003"
"11-004","MEGACABLE-MCM",64.52939995986354,5372.627962566204,0.6452939995986354,0.34758177804535423,0.35220437325558307,64.52939995986354,"dominancia","11","004"
"11-005","MEGACABLE-MCM",58.69312520757224,4869.273612165556,0.5869312520757224,0.37578877449352377,0.3983644541860847,58.69312520757224,"dominancia","11","005"
"11-007","AMÉRICA MÓVIL",50.673620165145586,3428.186686622785,0.5067362016514558,0.21970746414602346,0.3957448958686656,50.673620165145586,"dominancia","11","007"
"11-008","AMÉRICA MÓVIL",93.90588235294116,8855.167335640135,0.9390588235294116,0.060705882352941186,0.060926865051903256,93.90588235294116,"dominancia","11","008"
"11-009","MEGACABLE-MCM",63.49032800672835,5299.871332462346,0.6349032800672835,0.35609756097560974,0.36185164894629135,63.49032800672835,"dominancia","11","009"
"11-010","AMÉRICA MÓVIL",97.94871794871794,9598.159105851411,0.9794871794871794,0.02051282051282051,0.02051282051282055,97.94871794871794,"dominancia","11","010"
"11-011","MEGACABLE-MCM",51.41633558639905,4836.089513660208,0.5141633558639905,0.46803570507197767,0.47734673235445135,51.41633558639905,"dominancia","11","011"
"11-012","MEGACABLE-MCM",86.54181691287658,7661.459604684495,0.8654181691287658,0.1310922414795859,0.13411828415897853,86.54181691287658,"dominancia","11","012"
"11-013","MEGACABLE-MCM",87.17996636142777,7740.057075700339,0.8717996636142777,0.11773500280321436,0.12691343870355254,87.17996636142777,"dominancia","11","013"
"11-014","MEGACABLE-MCM",54.4603786664356,4516.443382930372,0.544603786664356,0.38798145660933236,0.4269681631117719,54.4603786664356,"dominancia","11","014"
"11-015","AMÉRICA MÓVIL",44.19645569620253,3569.964485178657,0.44196455696202525,0.3478481012658228,0.4628328159717994,44.19645569620253,"no dominancia","11","015"
"11-016","MEGACABLE-MCM",91.19020776292479,8390.207679919326,0.9119020776292479,0.08632630053148656,0.08794341548945683,91.19020776292479,"dominancia","11","016"
"11-017","AMÉRICA MÓVIL",37.04500066105811,2960.0403303835633,0.37045000661058114,0.3099527517413662,0.47941875045713267,37.04500066105811,"no dominancia","11","017"
"11-018","AMÉRICA MÓVIL",96.94930462090623,9404.85154196256,0.9694930462090623,0.02243158366980709,0.03029320464910429,96.94930462090623,"dominancia","11","018"
"11-019","AMÉRICA MÓVIL",85.96792668957617,7552.586241961662,0.8596792668957618,0.1265750286368843,0.13848639797199686,85.96792668957617,"dominancia","11","019"
"11-020","MEGACABLE-MCM",38.301925555161276,3289.9200530914663,0.38301925555161276,0.30314420185645186,0.4725963284979368,38.301925555161276,"no dominancia","11","020"
"11-021","AMÉRICA MÓVIL",81.75785282406726,6906.022885800805,0.8175785282406726,0.14415277982598437,0.17617268704568728,81.75785282406726,"dominancia","11","021"
"11-022","AMÉRICA MÓVIL",98.87359198998749,9776.786063931606,0.9887359198998749,0.008760951188986232,0.01123901748274203,98.87359198998749,"dominancia","11","022"
"11-023","MEGACABLE-MCM",62.92109681029659,5227.7096070012585,0.6292109681029658,0.3559597090095131,0.3654004360285329,62.92109681029658,"dominancia","11","023"
"11-024","MEGACABLE-MCM",93.45850999394307,8761.77885163134,0.9345850999394307,0.04986876640419948,0.06451879241694047,93.45850999394307,"dominancia","11","024"
"11-025","AMÉRICA MÓVIL",58.65796831314073,4660.569133583885,0.5865796831314073,0.34184529356943144,0.3863912400365143,58.65796831314073,"dominancia","11","025"
"11-026","MEGACABLE-MCM",72.27228446176328,5871.645963079229,0.7227228446176328,0.25353141743789576,0.27097493474793277,72.27228446176328,"dominancia","11","026"
"11-027","MEGACABLE-MCM",49.339886139898354,3447.861681160195,0.49339886139898353,0.27227216532608867,0.4153448477907718,49.339886139898354,"dominancia","11","027"
"11-028","AMÉRICA MÓVIL",99.57364341085271,9915.09224205276,0.9957364341085271,0.004263565891472868,0.00426356589147292,99.57364341085271,"dominancia","11","028"
"11-029","AMÉRICA MÓVIL",87.22327640733714,7758.726432361524,0.8722327640733714,0.12270714737507907,0.12713352464692795,87.22327640733714,"dominancia","11","029"
"11-030","MEGACABLE-MCM",50.32374100719424,4654.604445939651,0.5032374100719424,0.4591726618705036,0.47879582125666376,50.32374100719424,"dominancia","11","030"
"11-031","AMÉRICA MÓVIL",36.64137323443317,2930.288347976932,0.36641373234433167,0.2786256287833575,0.4716866088822089,36.64137323443317,"no dominancia","11","031"
"11-032","MEGACABLE-MCM",49.99022291748142,4671.893614024183,0.4999022291748142,0.4648025029331248,0.48306956399947454,49.99022291748142,"dominancia","11","032"
"11-033","MEGACABLE-MCM",56.54890293789513,4867.9563213682295,0.5654890293789513,0.4078839717367051,0.4232957460258804,56.54890293789513,"dominancia","11","033"
"11-034","GRUPO SALINAS",100,10000,1,0,0,100,"monopolio","11","034"
"11-035","AMÉRICA MÓVIL",95.77588093674765,9187.451896963183,0.9577588093674766,0.03786386517837601,0.04206586768261994,95.77588093674765,"dominancia","11","035"
"11-036","AMÉRICA MÓVIL",99.85875706214689,9971.791311564366,0.998587570621469,0.0014124293785310734,0.0014124293785310327,99.85875706214689,"dominancia","11","036"
"11-037","MEGACABLE-MCM",42.33380934339755,3268.314439423864,0.4233380934339755,0.27887389619094805,0.4492777543122031,42.33380934339755,"no dominancia","11","037"
"11-038","MEGACABLE-MCM",43.06292645943897,3868.65207347446,0.4306292645943897,0.4291129643669446,0.49934818633134087,43.06292645943897,"no dominancia","11","038"
"11-039","AMÉRICA MÓVIL",99.35985368084134,9872.790310788134,0.9935985368084134,0.006401463191586648,0.006401463191586632,99.35985368084134,"dominancia","11","039"
"11-040","GRUPO SALINAS",50,5000,0.5,0.5,0.5,50,"no dominancia","11","040"
"11-041","AMÉRICA MÓVIL",35.18677544010305,3328.144665769829,0.35186775440103046,0.32492486045513097,0.49088262417728123,35.18677544010305,"no dominancia","11","041"
"11-042","AMÉRICA MÓVIL",76.59680362771664,6376.429479911535,0.7659680362771664,0.2256262788254161,0.23210009254915298,76.59680362771664,"dominancia","11","042"
"11-043","AMÉRICA MÓVIL",99.55555555555557,9911.50617283951,0.9955555555555557,0.0044444444444444444,0.004444444444444251,99.55555555555557,"dominancia","11","043"
"11-044","MEGACABLE-MCM",68.67196367763904,5626.776673106481,0.6867196367763904,0.301716799091941,0.3097245836599946,68.67196367763904,"dominancia","11","044"
"11-045","AMÉRICA MÓVIL",100,10000,1,0,0,100,"monopolio","11","045"
"11-046","MEGACABLE-MCM",57.0990990990991,5075.713190668145,0.570990990990991,0.42606606606606606,0.4277507904300697,57.09909909909911,"dominancia","11","046"
"12-001","AMÉRICA MÓVIL",58.324277832553655,4192.032870476976,0.5832427783255365,0.2570097967232373,0.3629409485714144,58.32427783255365,"dominancia","12","001"
"12-002","AMÉRICA MÓVIL",99.99999999999999,9999.999999999996,0.9999999999999999,0,1.1102230246251565e-16,99.99999999999999,"monopolio","12","002"
"12-003","AMÉRICA MÓVIL",100,10000,1,0,0,100,"monopolio","12","003"
"12-004","AMÉRICA MÓVIL",100,10000,1,0,0,100,"monopolio","12","004"
"12-005","AMÉRICA MÓVIL",100,10000,1,0,0,100,"monopolio","12","005"
"12-006","AMÉRICA MÓVIL",100,10000,1,0,0,100,"monopolio","12","006"
"12-007","AMÉRICA MÓVIL",99.94903160040775,9989.811515637064,0.9994903160040775,5.096839959225281e-4,5.096839959225496e-4,99.94903160040775,"dominancia","12","007"
"12-008","AMÉRICA MÓVIL",98.84297520661157,9771.272454067344,0.9884297520661157,0.011570247933884297,0.011570247933884281,98.84297520661157,"dominancia","12","008"
"12-010","AMÉRICA MÓVIL",99.07407407407408,9816.52949245542,0.9907407407407408,0.009259259259259259,0.00925925925925919,99.07407407407408,"dominancia","12","010"
"12-011","AMÉRICA MÓVIL",99.94646680942184,9989.299093489353,0.9994646680942183,5.353319057815846e-4,5.353319057816996e-4,99.94646680942184,"dominancia","12","011"
"12-012","AMÉRICA MÓVIL",99.86187845303867,9972.405366814879,0.9986187845303867,9.208103130755065e-4,0.0013806855373429405,99.86187845303867,"dominancia","12","012"
"12-013","AMÉRICA MÓVIL",99.86168741355465,9972.375743454068,0.9986168741355465,0.0013831258644536654,0.0013831258644535493,99.86168741355465,"dominancia","12","013"
"12-014","AMÉRICA MÓVIL",100,10000,1,0,0,100,"monopolio","12","014"
"12-015","AMÉRICA MÓVIL",98.34406623735052,9674.29748072267,0.9834406623735051,0.01655933762649494,0.016559337626494863,98.34406623735052,"dominancia","12","015"
"12-017","AMÉRICA MÓVIL",99.59349593495936,9919.02967810166,0.9959349593495936,0.0040650406504065045,0.00406504065040636,99.59349593495936,"dominancia","12","017"
"12-018","AMÉRICA MÓVIL",100,10000,1,0,0,100,"monopolio","12","018"
"12-021","AMÉRICA MÓVIL",99.87600743955363,9975.232236220818,0.9987600743955363,0.0012399256044637321,0.001239925604463732,99.87600743955363,"dominancia","12","021"
"12-022","AMÉRICA MÓVIL",100,10000,1,0,0,100,"monopolio","12","022"
"12-023","AMÉRICA MÓVIL",100,10000,1,0,0,100,"monopolio","12","023"
"12-024","AMÉRICA MÓVIL",100,10000,1,0,0,100,"monopolio","12","024"
"12-026","AMÉRICA MÓVIL",100.00000000000001,10000.000000000004,1.0000000000000002,0,-2.220446049250313e-16,100.00000000000003,"monopolio","12","026"
"12-027","AMÉRICA MÓVIL",99.99999999999999,9999.999999999996,0.9999999999999999,0,1.1102230246251565e-16,99.99999999999999,"monopolio","12","027"
"12-028","AMÉRICA MÓVIL",99.91794871794872,9983.599842209072,0.9991794871794872,4.1025641025641023e-4,8.202603550295229e-4,99.91794871794872,"dominancia","12","028"
"12-029","AMÉRICA MÓVIL",59.30088913968491,5161.138383072214,0.5930088913968491,0.405527002089402,0.40639630207394895,59.30088913968491,"dominancia","12","029"
"12-030","AMÉRICA MÓVIL",100,10000,1,0,0,100,"monopolio","12","030"
"12-031","GRUPO TELEVISA",100,10000,1,0,0,100,"monopolio","12","031"
"12-032","AMÉRICA MÓVIL",100,10000,1,0,0,100,"monopolio","12","032"
"12-033","AMÉRICA MÓVIL",99.85693848354794,9971.428629904565,0.9985693848354793,0.0014306151645207437,0.0014306151645206988,99.85693848354794,"dominancia","12","033"
"12-034","AMÉRICA MÓVIL",99.33102652825836,9867.042886087198,0.9933102652825836,0.006228373702422145,0.006686754761610181,99.33102652825836,"dominancia","12","034"
"12-035","AMÉRICA MÓVIL",75.86195754031085,6333.330179652303,0.7586195754031085,0.24047565192102624,0.24116243949102495,75.86195754031085,"dominancia","12","035"
"12-036","AMÉRICA MÓVIL",99.51923076923077,9904.308431952662,0.9951923076923077,0.004807692307692308,0.004807692307692291,99.51923076923077,"dominancia","12","036"
"12-037","AMÉRICA MÓVIL",99.72375690607736,9944.90400170935,0.9972375690607735,0.002762430939226519,0.0027624309392264568,99.72375690607736,"dominancia","12","037"
"12-038","MEGACABLE-MCM",51.05917656333443,4948.78680684392,0.5105917656333443,0.4838898354652494,0.4867227108670051,51.05917656333443,"dominancia","12","038"
"12-039","AMÉRICA MÓVIL",99.89769820971867,9979.560573256324,0.9989769820971867,0.0010230179028132991,0.001023017902813339,99.89769820971867,"dominancia","12","039"
"12-040","AMÉRICA MÓVIL",100,10000,1,0,0,100,"monopolio","12","040"
"12-042","AMÉRICA MÓVIL",99.77777777777777,9955.654320987653,0.9977777777777778,0.0022222222222222222,0.0022222222222222365,99.77777777777777,"dominancia","12","042"
"12-044","AMÉRICA MÓVIL",99.87834549878346,9975.698699392025,0.9987834549878346,0.0012165450121654502,0.0012165450121653931,99.87834549878346,"dominancia","12","044"
"12-045","AMÉRICA MÓVIL",99.77116704805492,9954.338138650775,0.9977116704805492,0.002288329519450801,0.0022883295194507935,99.77116704805492,"dominancia","12","045"
"12-046","AMÉRICA MÓVIL",99.95228248767299,9990.461051456563,0.9995228248767298,4.7717512327024025e-4,4.771751232701682e-4,99.95228248767299,"dominancia","12","046"
"12-047","GRUPO TELEVISA",100,10000,1,0,0,100,"monopolio","12","047"
"12-048","MEGACABLE-MCM",80.67993366500829,6881.876411199943,0.806799336650083,0.1930348258706468,0.19316863718994848,80.67993366500829,"dominancia","12","048"
"12-049","AMÉRICA MÓVIL",97.52925877763329,9518.060879902461,0.9752925877763329,0.024707412223667104,0.024707412223667125,97.52925877763329,"dominancia","12","049"
"12-050","AMÉRICA MÓVIL",99.93745113369819,9987.496584325736,0.9993745113369819,4.691164972634871e-4,6.254030801283728e-4,99.93745113369819,"dominancia","12","050"
"12-051","AMÉRICA MÓVIL",100,10000,1,0,0,100,"monopolio","12","051"
"12-052","AMÉRICA MÓVIL",99.93523316062175,9987.055021611317,0.9993523316062175,6.476683937823836e-4,6.476683937824967e-4,99.93523316062175,"dominancia","12","052"
"12-053","AMÉRICA MÓVIL",100.00000000000001,10000.000000000004,1.0000000000000002,0,-2.220446049250313e-16,100.00000000000003,"monopolio","12","053"
"12-054","AMÉRICA MÓVIL",100.00000000000001,10000.000000000004,1.0000000000000002,0,-2.220446049250313e-16,100.00000000000003,"monopolio","12","054"
"12-055","AMÉRICA MÓVIL",99.30233921557132,9861.373249277554,0.9930233921557132,0.006448965234214692,0.006973065892076358,99.30233921557132,"dominancia","12","055"
"12-057","AMÉRICA MÓVIL",92.48592747741851,8609.715636996274,0.9248592747741852,0.07487891085220579,0.07512108657729044,92.48592747741851,"dominancia","12","057"
"12-058","AMÉRICA MÓVIL",99.88447319778189,9976.91706157899,0.9988447319778189,9.242144177449168e-4,0.001155027786224616,99.88447319778189,"dominancia","12","058"
"12-059","AMÉRICA MÓVIL",96.94847423711855,9408.318466386767,0.9694847423711854,0.030515257628814404,0.030515257628814574,96.94847423711855,"dominancia","12","059"
"12-060","AMÉRICA MÓVIL",76.99115044247787,6457.044404416947,0.7699115044247787,0.23008849557522124,0.23008849557522126,76.99115044247787,"dominancia","12","060"
"12-061","AMÉRICA MÓVIL",100,10000,1,0,0,100,"monopolio","12","061"
"12-062","AMÉRICA MÓVIL",99.99999999999999,9999.999999999996,0.9999999999999999,0,1.1102230246251565e-16,99.99999999999999,"monopolio","12","062"
"12-064","AMÉRICA MÓVIL",100,10000,1,0,0,100,"monopolio","12","064"
"12-066","AMÉRICA MÓVIL",99.94505494505493,9989.015894819464,0.9994505494505493,4.120879120879121e-4,5.493845097211403e-4,99.94505494505493,"dominancia","12","066"
"12-067","AMÉRICA MÓVIL",99.84391259105098,9968.820416644558,0.9984391259105098,0.001040582726326743,0.001560197331733737,99.84391259105098,"dominancia","12","067"
"12-068","AMÉRICA MÓVIL",99.75728155339806,9951.574135168254,0.9975728155339806,0.0024271844660194173,0.0024271844660194164,99.75728155339806,"dominancia","12","068"
"12-069","AMÉRICA MÓVIL",100,10000,1,0,0,100,"monopolio","12","069"
"12-070","AMÉRICA MÓVIL",100,10000,1,0,0,100,"monopolio","12","070"
"12-071","AMÉRICA MÓVIL",100,10000,1,0,0,100,"monopolio","12","071"
"12-072","GRUPO SALINAS",100,10000,1,0,0,100,"monopolio","12","072"
"12-073","AMÉRICA MÓVIL",100,10000,1,0,0,100,"monopolio","12","073"
"12-074","GRUPO SALINAS",100,10000,1,0,0,100,"monopolio","12","074"
"12-075","AMÉRICA MÓVIL",54.483292478389885,5039.025682628821,0.5448329247838989,0.45503805960521226,0.45510835988034953,54.48329247838989,"dominancia","12","075"
"12-077","AMÉRICA MÓVIL",100,10000,1,0,0,100,"monopolio","12","077"
"12-080","AMÉRICA MÓVIL",100,10000,1,0,0,100,"monopolio","12","080"
"13-001","AMÉRICA MÓVIL",97.5609756097561,9524.09280190363,0.975609756097561,0.024390243902439025,0.024390243902439046,97.5609756097561,"dominancia","13","001"
"13-002","AMÉRICA MÓVIL",92.33243967828419,8575.03180501549,0.9233243967828418,0.07024128686327077,0.07620294834290481,92.33243967828419,"dominancia","13","002"
"13-003","AMÉRICA MÓVIL",46.30653837411925,3730.5167120677334,0.4630653837411925,0.3829835593605576,0.46612342856055194,46.30653837411925,"no dominancia","13","003"
"13-005","AMÉRICA MÓVIL",99.21507064364208,9844.04920040713,0.9921507064364208,0.006279434850863423,0.007838203509878683,99.21507064364208,"dominancia","13","005"
"13-006","AMÉRICA MÓVIL",87.62475049900199,7826.383161820071,0.8762475049900199,0.1217564870259481,0.12350747606583246,87.62475049900199,"dominancia","13","006"
"13-007","AMÉRICA MÓVIL",96.08574091332711,9247.791031060626,0.9608574091332711,0.0391425908667288,0.03914259086672889,96.08574091332711,"dominancia","13","007"
"13-008","AMÉRICA MÓVIL",47.995797640213354,3943.2155291329823,0.47995797640213356,0.3799903022466462,0.45701648534473327,47.995797640213354,"dominancia","13","008"
"13-009","AMÉRICA MÓVIL",98.66666666666667,9736.32,0.9866666666666667,0.010666666666666666,0.013301333333333276,98.66666666666667,"dominancia","13","009"
"13-010","AMÉRICA MÓVIL",84.09810126582278,7289.544165821003,0.8409810126582278,0.14688818565400844,0.15716353771653407,84.09810126582278,"dominancia","13","010"
"13-011","AMÉRICA MÓVIL",99.75124378109453,9950.372515531795,0.9975124378109453,0.0024875621890547263,0.0024875621890546595,99.75124378109453,"dominancia","13","011"
"13-012","AMÉRICA MÓVIL",98.22485207100593,9651.047941140492,0.9822485207100593,0.017094017094017096,0.01774002449165535,98.22485207100593,"dominancia","13","012"
"13-013","MEGACABLE-MCM",55.97076772395088,5005.385998630922,0.5597076772395088,0.4326828900776012,0.43697089970252967,55.97076772395088,"dominancia","13","013"
"13-014","GRUPO TELEVISA",100,10000,1,0,0,100,"monopolio","13","014"
"13-015","GRUPO TELEVISA",100,10000,1,0,0,100,"monopolio","13","015"
"13-016","GRUPO TELEVISA",55.44964028776978,4780.746985145695,0.5544964028776979,0.41169064748201434,0.431011464209927,55.44964028776979,"dominancia","13","016"
"13-017","AMÉRICA MÓVIL",100,10000,1,0,0,100,"monopolio","13","017"
"13-018","AMÉRICA MÓVIL",100,10000,1,0,0,100,"monopolio","13","018"
"13-019","AMÉRICA MÓVIL",60.52631578947368,5221.606648199446,0.6052631578947367,0.39473684210526316,0.3947368421052633,60.52631578947367,"dominancia","13","019"
"13-021","AMÉRICA MÓVIL",99.1467576791809,9830.807580752253,0.991467576791809,0.008532423208191127,0.008532423208191031,99.1467576791809,"dominancia","13","021"
"13-022","MEGACABLE-MCM",73.0583528762588,5853.19411103764,0.7305835287625879,0.22209959994481998,0.257787969898227,73.0583528762588,"dominancia","13","022"
"13-023","AMÉRICA MÓVIL",99.94791666666667,9989.588758680557,0.9994791666666667,5.208333333333333e-4,5.208333333333037e-4,99.94791666666667,"dominancia","13","023"
"13-024","AMÉRICA MÓVIL",99.39577039274926,9879.884265386409,0.9939577039274926,0.006042296072507553,0.0060422960725073915,99.39577039274926,"dominancia","13","024"
"13-025","AMÉRICA MÓVIL",100.00000000000001,10000.000000000004,1.0000000000000002,0,-2.220446049250313e-16,100.00000000000003,"monopolio","13","025"
"13-027","GRUPO TELEVISA",100,10000,1,0,0,100,"monopolio","13","027"
"13-028","AMÉRICA MÓVIL",99.9383477188656,9987.675929459452,0.99938347718865606,4.932182490752158e-4,6.164543932760669e-4,99.9383477188656,"dominancia","13","028"
"13-029","AMÉRICA MÓVIL",96.16169865251123,9259.510594319296,0.9616169865251123,0.03511637403021641,0.03826296547569602,96.16169865251123,"dominancia","13","029"
"13-030","MEGACABLE-MCM",57.75909846665435,5088.646401371932,0.5775909846665435,0.4186218363199704,0.4208164481379184,57.75909846665434,"dominancia","13","030"
"13-031","TELECABLE DE XALTIANGUIS",57.755775577557756,5092.637976668954,0.5775577557755776,0.41914191419141916,0.42105349148776267,57.755775577557756,"dominancia","13","031"
"13-032","GRUPO SALINAS",100,10000,1,0,0,100,"monopolio","13","032"
"13-034","AMÉRICA MÓVIL",100,10000,1,0,0,100,"monopolio","13","034"
"13-035","AMÉRICA MÓVIL",99.11504424778761,9824.57514292427,0.9911504424778761,0.008849557522123894,0.008849557522123908,99.11504424778761,"dominancia","13","035"
"13-036","AMÉRICA MÓVIL",100,10000,1,0,0,100,"monopolio","13","036"
"13-037","AMÉRICA MÓVIL",95.16129032258064,9068.678459937564,0.9516129032258064,0.03225806451612903,0.047736732570239415,95.16129032258064,"dominancia","13","037"
"13-038","GRUPO TELEVISA",72.14611872146118,5980.9011488501055,0.7214611872146118,0.2785388127853881,0.27853881278538817,72.14611872146118,"dominancia","13","038"
"13-039","MEGACABLE-MCM",64.27503736920778,5393.89568559096,0.6427503736920778,0.35532778133674997,0.3565648946541958,64.27503736920778,"dominancia","13","039"
"13-040","GRUPO TELEVISA",100,10000,1,0,0,100,"monopolio","13","040"
"13-041","MEGACABLE-MCM",60.145650438946525,4605.181005331817,0.6014565043894653,0.2977853152434158,0.3634630836511128,60.14565043894653,"dominancia","13","041"
"13-042","AMÉRICA MÓVIL",100,10000,1,0,0,100,"monopolio","13","042"
"13-044","AMÉRICA MÓVIL",96.14512471655328,9258.745070212513,0.9614512471655329,0.03854875283446712,0.038548752834467126,96.14512471655328,"dominancia","13","044"
"13-045","MEGACABLE-MCM",91.60756501182033,8457.409363490546,0.9160756501182032,0.08085106382978724,0.08367114889145982,91.60756501182033,"dominancia","13","045"
"13-046","AMÉRICA MÓVIL",99.69465648854961,9939.0711496999,0.9969465648854962,0.0015267175572519084,0.003049938814754405,99.69465648854961,"dominancia","13","046"
"13-048","AMÉRICA MÓVIL",41.9511847666081,3124.8410986823897,0.419511847666081,0.3200848410022635,0.46323205755361757,41.9511847666081,"no dominancia","13","048"
"13-049","GRUPO TELEVISA",100,10000,1,0,0,100,"monopolio","13","049"
"13-050","AMÉRICA MÓVIL",100,10000,1,0,0,100,"monopolio","13","050"
"13-051","GRUPO TELEVISA",40.80045284917607,3415.516504220095,0.40800452849176067,0.3706235062266762,0.4854470440489856,40.80045284917607,"no dominancia","13","051"
"13-052","AMÉRICA MÓVIL",73.89050186644546,5819.304098576258,0.7389050186644546,0.17088345085026957,0.24161026358348925,73.89050186644546,"dominancia","13","052"
"13-053","AMÉRICA MÓVIL",98.88888888888889,9780.246913580246,0.9888888888888888,0.011111111111111112,0.011111111111111183,98.88888888888889,"dominancia","13","053"
"13-054","AMÉRICA MÓVIL",100,10000,1,0,0,100,"monopolio","13","054"
"13-055","AMÉRICA MÓVIL",100,10000,1,0,0,100,"monopolio","13","055"
"13-056","AMÉRICA MÓVIL",57.64757838951862,4815.140472125068,0.5764757838951862,0.3845134697482703,0.4077631395001423,57.647578389518614,"dominancia","13","056"
"13-057","GRUPO TELEVISA",56.1122244488978,5074.718575427408,0.561122244488978,0.43887775551102204,0.43887775551102204,56.1122244488978,"dominancia","13","057"
"13-058","AMÉRICA MÓVIL",98.2521847690387,9656.546669970903,0.9825218476903871,0.017478152309612985,0.017478152309612915,98.2521847690387,"dominancia","13","058"
"13-059","AMÉRICA MÓVIL",95.3940634595701,9121.241994742957,0.9539406345957011,0.04605936540429887,0.04605936540429889,95.3940634595701,"dominancia","13","059"
"13-060","TELECABLE DE XALTIANGUIS",51.77865612648221,5006.327235232546,0.5177865612648221,0.4822134387351779,0.4822134387351779,51.77865612648221,"dominancia","13","060"
"13-061","AMÉRICA MÓVIL",78.2457879088206,6591.356679871245,0.7824578790882061,0.21655104063429134,0.21732701032629037,78.2457879088206,"dominancia","13","061"
"13-062","AMÉRICA MÓVIL",100,10000,1,0,0,100,"monopolio","13","062"
"13-063","GRUPO SALINAS",53.95843641761505,3914.0372115792593,0.5395843641761505,0.242639782285997,0.38386138894220767,53.958436417615054,"dominancia","13","063"
"13-064","AMÉRICA MÓVIL",99.85358711566617,9970.760296598632,0.9985358711566618,0.0014641288433382138,0.0014641288433382416,99.85358711566617,"dominancia","13","064"
"13-065","AMÉRICA MÓVIL",97.2972972972973,9474.068663257854,0.972972972972973,0.027027027027027025,0.027027027027026973,97.2972972972973,"dominancia","13","065"
"13-066","AMÉRICA MÓVIL",44.542536115569824,3749.6779421274887,0.44542536115569825,0.38402889245585875,0.47453721894009465,44.542536115569824,"no dominancia","13","066"
"13-067","AMÉRICA MÓVIL",99.91714995857497,9983.443719973722,0.9991714995857497,8.285004142502071e-4,8.285004142503105e-4,99.91714995857497,"dominancia","13","067"
"13-069","GRUPO SALINAS",42.34137714062207,3568.510223597957,0.4234137714062207,0.4038059282689659,0.49189000294436097,42.34137714062207,"no dominancia","13","069"
"13-070","MEGACABLE-MCM",64.90196078431373,4936.133273597886,0.6490196078431373,0.24919786096256683,0.32043656127172954,64.90196078431373,"dominancia","13","070"
"13-071","GRUPO TELEVISA",100,10000,1,0,0,100,"monopolio","13","071"
"13-072","GRUPO TELEVISA",89.47368421052632,8060.941828254848,0.8947368421052632,0.05263157894736842,0.10110803324099721,89.47368421052632,"dominancia","13","072"
"13-073","AMÉRICA MÓVIL",100,10000,1,0,0,100,"monopolio","13","073"
"13-074","AMÉRICA MÓVIL",74.34687953555878,6138.602989966739,0.7434687953555879,0.24709724238026126,0.25415559876222027,74.34687953555878,"dominancia","13","074"
"13-075","GRUPO TELEVISA",54.9520766773163,4641.7119451155,0.549520766773163,0.3998174349612049,0.4289404540919962,54.9520766773163,"dominancia","13","075"
"13-076","AMÉRICA MÓVIL",52.307431286053614,4718.226496115229,0.5230743128605362,0.4440956905327452,0.4618071227876169,52.30743128605362,"dominancia","13","076"
"13-077","GRUPO SALINAS",35.33163877032276,3189.5216920125395,0.3533163877032276,0.3244928300800921,0.49023156347686503,35.33163877032276,"no dominancia","13","077"
"13-081","AMÉRICA MÓVIL",99.674569967457,9935.082576492916,0.99674569967457,0.0023245002324500234,0.003251706740791227,99.674569967457,"dominancia","13","081"
"13-082","GRUPO TELEVISA",51.23588648153799,4961.753853738184,0.5123588648153798,0.48336893500152583,0.4855669604848023,51.23588648153798,"dominancia","13","082"
"13-083","GRUPO TELEVISA",42.87709497206704,3509.285466277582,0.4287709497206704,0.32995810055865926,0.4625139103999563,42.87709497206704,"no dominancia","13","083"
"13-084","MEGACABLE-MCM",74.41570026761819,6192.252839116341,0.7441570026761819,0.25584299732381804,0.2558429973238181,74.41570026761819,"dominancia","13","084"
"14-001","GRUPO TELEVISA",63.94911824226656,5389.155799473468,0.6394911824226656,0.3605088175773345,0.36050881757733444,63.94911824226656,"dominancia","14","001"
"14-002","MEGACABLE-MCM",85.26341643129068,7392.145004025053,0.8526341643129068,0.1000859634041508,0.141516090958484,85.26341643129068,"dominancia","14","002"
"14-003","MEGACABLE-MCM",70.84855866829069,5808.5452581089085,0.708485586682907,0.2806875084585194,0.28841682543361424,70.84855866829069,"dominancia","14","003"
"14-004","MEGACABLE-MCM",92.30936819172112,8565.306790835431,0.9230936819172112,0.06557734204793028,0.07609922109729889,92.30936819172112,"dominancia","14","004"
"14-005","MEGACABLE-MCM",72.53055830855632,5655.549236477472,0.7253055830855633,0.1669970267591675,0.2509099090456566,72.53055830855632,"dominancia","14","005"
"14-006","MEGACABLE-MCM",43.211854225070084,3791.113301609598,0.43211854225070084,0.4088906688025631,0.4902325722384683,43.211854225070084,"no dominancia","14","006"
"14-007","AMÉRICA MÓVIL",99.21612541993282,9844.454002701115,0.9921612541993282,0.007838745800671893,0.007838745800671787,99.21612541993282,"dominancia","14","007"
"14-008","GRUPO TELEVISA",55.12283553166219,4998.583785375555,0.551228355316622,0.4427080077514534,0.4460688402110965,55.1228355316622,"dominancia","14","008"
"14-009","MEGACABLE-MCM",72.89124668435014,5680.716813598915,0.7289124668435014,0.13819628647214854,0.2438924146374068,72.89124668435014,"dominancia","14","009"
"14-010","MEGACABLE-MCM",92.72677744483792,8648.830931414777,0.9272677744483793,0.07109779351675292,0.07261468535625026,92.72677744483792,"dominancia","14","010"
"14-011","GRUPO TELEVISA",100,10000,1,0,0,100,"monopolio","14","011"
"14-012","MEGACABLE-MCM",95.54973821989527,9149.557303801977,0.9554973821989527,0.04450261780104712,0.04450261780104725,95.54973821989527,"dominancia","14","012"
"14-013","AMÉRICA MÓVIL",95.45910687405922,9125.745931130257,0.9545910687405922,0.035875564475664826,0.0450214738035708,95.45910687405922,"dominancia","14","013"
"14-014","MEGACABLE-MCM",83.58015068849052,7225.532762809302,0.8358015068849052,0.1545856066510782,0.16266627543630185,83.58015068849052,"dominancia","14","014"
"14-015","AMÉRICA MÓVIL",61.91313908741066,5269.246282823086,0.6191313908741066,0.37894447498625616,0.38013761797845175,61.91313908741066,"dominancia","14","015"
"14-016","AMÉRICA MÓVIL",57.238605898123325,4979.4834689788295,0.5723860589812333,0.41242180518319926,0.42123297243725044,57.23860589812333,"dominancia","14","016"
"14-017","AMÉRICA MÓVIL",99.86091794158553,9972.212604045566,0.9986091794158553,6.954102920723226e-4,0.0013900951909332493,99.86091794158553,"dominancia","14","017"
"14-018","MEGACABLE-MCM",48.25320246215272,3833.99717940721,0.4825320246215272,0.35027449675594746,0.44492753414614106,48.25320246215272,"dominancia","14","018"
"14-020","AMÉRICA MÓVIL",95.96977329974811,9224.536669860225,0.9596977329974812,0.037783375314861464,0.040203922364839495,95.96977329974811,"dominancia","14","020"
"14-021","AMÉRICA MÓVIL",98.57182861943434,9718.219224671568,0.9857182861943434,0.013441612993559227,0.014270068610977571,98.57182861943434,"dominancia","14","021"
"14-022","AMÉRICA MÓVIL",98.29872110759123,9664.960521411935,0.9829872110759124,0.015135515663498769,0.01698261334779988,98.29872110759123,"dominancia","14","022"
"14-023","AMÉRICA MÓVIL",64.72589035614246,5412.710902688406,0.6472589035614246,0.34973989595838334,0.35168695329272165,64.72589035614246,"dominancia","14","023"
"14-024","MEGACABLE-MCM",71.44712912444791,5903.067817110739,0.7144712912444792,0.28254091971940765,0.28468007265166767,71.44712912444791,"dominancia","14","024"
"14-025","AMÉRICA MÓVIL",99.97357992073977,9994.71738018913,0.9997357992073976,2.642007926023778e-4,2.6420079260236484e-4,99.97357992073977,"dominancia","14","025"
"14-026","MEGACABLE-MCM",92.4770642201835,8605.163792644405,0.9247706422018349,0.07287024901703801,0.07505466625670548,92.4770642201835,"dominancia","14","026"
"14-027","AMÉRICA MÓVIL",79.02960526315789,6581.28733119806,0.7902960526315789,0.18092105263157893,0.20408228824013164,79.02960526315789,"dominancia","14","027"
"14-028","AMÉRICA MÓVIL",99.99999999999999,9999.999999999996,0.9999999999999999,0,1.1102230246251565e-16,99.99999999999999,"monopolio","14","028"
"14-029","AMÉRICA MÓVIL",95.31615925058547,9105.024433853088,0.9531615925058547,0.04449648711943795,0.046731457968836654,95.31615925058547,"dominancia","14","029"
"14-030","AMÉRICA MÓVIL",36.293054234062794,2896.1088682700806,0.36293054234062794,0.3206089438629876,0.485535758160639,36.293054234062794,"no dominancia","14","030"
"14-032","GRUPO TELEVISA",100,10000,1,0,0,100,"monopolio","14","032"
"14-033","AMÉRICA MÓVIL",83.3951762523191,7192.612582222971,0.833951762523191,0.15398886827458255,0.164118514668475,83.3951762523191,"dominancia","14","033"
"14-034","AMÉRICA MÓVIL",91.56626506024098,8441.900130643058,0.9156626506024098,0.07530120481927711,0.08361609086950195,91.56626506024098,"dominancia","14","034"
"14-035","MEGACABLE-MCM",54.86370554863706,4741.2204310707075,0.5486370554863705,0.414694894146949,0.4354846182893972,54.86370554863706,"dominancia","14","035"
"14-036","AMÉRICA MÓVIL",53.746770025839794,5026.238632345883,0.537467700258398,0.4623335321009739,0.46244038304195556,53.746770025839794,"dominancia","14","036"
"14-037","MEGACABLE-MCM",64.91490955795783,5407.867939348929,0.6491490955795782,0.3454993042919833,0.34898761048723004,64.91490955795783,"dominancia","14","037"
"14-038","AMÉRICA MÓVIL",100,10000,1,0,0,100,"monopolio","14","038"
"14-039","AMÉRICA MÓVIL",39.782129154339124,2910.0704191554596,0.39782129154339124,0.25441962092145565,0.4532337817522826,39.782129154339124,"no dominancia","14","039"
"14-040","AMÉRICA MÓVIL",90.5263157894737,8284.764542936291,0.905263157894737,0.09473684210526317,0.09473684210526301,90.5263157894737,"dominancia","14","040"
"14-041","AMÉRICA MÓVIL",99.7001499250375,9940.16485010868,0.997001499250375,0.0014992503748125939,0.0029951291220954857,99.7001499250375,"dominancia","14","041"
"14-042","AMÉRICA MÓVIL",98.78048780487804,9759.07198096371,0.9878048780487804,0.012195121951219513,0.012195121951219634,98.78048780487804,"dominancia","14","042"
"14-043","AMÉRICA MÓVIL",89.40520446096654,8098.418953269732,0.8940520446096655,0.10249601699415826,0.1055881875144718,89.40520446096654,"dominancia","14","043"
"14-044","MEGACABLE-MCM",65.93508332425661,5410.578924539546,0.659350833242566,0.32572704498420657,0.3356772932682386,65.93508332425661,"dominancia","14","044"
"14-045","AMÉRICA MÓVIL",92.04097714736012,8534.887519009711,0.9204097714736013,0.07959022852639874,0.07959022852639874,92.04097714736012,"dominancia","14","045"
"14-046","AMÉRICA MÓVIL",62.20320855614973,5265.845749092053,0.6220320855614974,0.3736898395721925,0.37636009036575246,62.20320855614973,"dominancia","14","046"
"14-047","AMÉRICA MÓVIL",65.65458700620307,5487.8917208104185,0.6565458700620307,0.3431276526281423,0.3433420532512951,65.65458700620307,"dominancia","14","047"
"14-048","AMÉRICA MÓVIL",57.173632055148644,5073.581210909662,0.5717363205514865,0.42481688927186556,0.4267934845864362,57.17363205514865,"dominancia","14","048"
"14-049","GRUPO TELEVISA",100,10000,1,0,0,100,"monopolio","14","049"
"14-050","MEGACABLE-MCM",50.55354267310789,3794.6511052377728,0.5055354267310789,0.2884460547504026,0.41381752941044914,50.553542673107884,"dominancia","14","050"
"14-051","GRUPO TELEVISA",97.08029197080292,9429.11439133539,0.9708029197080292,0.018924033522573668,0.028949905065564607,97.08029197080292,"dominancia","14","051"
"14-052","AMÉRICA MÓVIL",99.86376021798365,9972.78916615314,0.9986376021798365,0.0013623978201634877,0.0013623978201634523,99.86376021798365,"dominancia","14","052"
"14-053","AMÉRICA MÓVIL",39.47878746640357,3470.380476370298,0.39478787466403564,0.3755315891538802,0.49258325423534616,39.47878746640357,"no dominancia","14","053"
"14-054","AMÉRICA MÓVIL",95.00831946755407,9051.497642586814,0.9500831946755407,0.04991680532445923,0.049916805324459246,95.00831946755407,"dominancia","14","054"
"14-055","MEGACABLE-MCM",82.10610932475885,7054.212115259355,0.8210610932475885,0.17684887459807072,0.17856710280083954,82.10610932475885,"dominancia","14","055"
"14-056","GRUPO TELEVISA",100,10000,1,0,0,100,"monopolio","14","056"
"14-057","MEGACABLE-MCM",93.94708227618703,8859.749390475485,0.9394708227618703,0.05799202609641174,0.06037882413495066,93.94708227618703,"dominancia","14","057"
"14-058","MEGACABLE-MCM",70.99476439790575,5867.506068608011,0.7099476439790575,0.28760907504363,0.2893466614280189,70.99476439790575,"dominancia","14","058"
"14-059","AMÉRICA MÓVIL",82.69689737470168,7134.073057227973,0.8269689737470167,0.1718377088305489,0.17282525731796922,82.69689737470168,"dominancia","14","059"
"14-060","AMÉRICA MÓVIL",83.50515463917526,7245.190774790095,0.8350515463917526,0.1649484536082474,0.1649484536082474,83.50515463917526,"dominancia","14","060"
"14-061","AMÉRICA MÓVIL",99.07407407407408,9816.100823045268,0.9907407407407408,0.004629629629629629,0.009227109053497884,99.07407407407408,"dominancia","14","061"
"14-062","GRUPO TELEVISA",100,10000,1,0,0,100,"monopolio","14","062"
"14-063","MEGACABLE-MCM",46.56154866911248,3589.8558180486057,0.46561548669112485,0.27246116618530947,0.4287186528162229,46.56154866911248,"dominancia","14","063"
"14-064","AMÉRICA MÓVIL",94.53088165959454,8965.48757724833,0.9453088165959455,0.05421970768505422,0.05466550898371292,94.53088165959454,"dominancia","14","064"
"14-065","AMÉRICA MÓVIL",95.87242026266416,9208.557881508965,0.9587242026266416,0.04127579737335835,0.0412757973733584,95.87242026266416,"dominancia","14","065"
"14-066","AMÉRICA MÓVIL",69.239219994507,5740.295171994075,0.69239219994507,0.30760780005492994,0.30760780005493005,69.239219994507,"dominancia","14","066"
"14-067","GRUPO SALINAS",35.5728463249276,2941.920783086533,0.35572846324927604,0.3544854092335396,0.49955858289688926,35.5728463249276,"no dominancia","14","067"
"14-068","AMÉRICA MÓVIL",93.20557491289199,8732.27488496886,0.9320557491289199,0.06707317073170732,0.06788544537386637,93.20557491289199,"dominancia","14","068"
"14-069","AMÉRICA MÓVIL",99.3421052631579,9869.28670360111,0.9934210526315791,0.006578947368421052,0.0065789473684209065,99.3421052631579,"dominancia","14","069"
"14-070","AMÉRICA MÓVIL",59.88831588904824,4529.261514720283,0.5988831588904824,0.28406212810106496,0.36101512730933155,59.888315889048236,"dominancia","14","070"
"14-071","GRUPO SALINAS",100,10000,1,0,0,100,"monopolio","14","071"
"14-072","AMÉRICA MÓVIL",89.18439716312056,8019.277199336048,0.8918439716312057,0.0726950354609929,0.10494944922287613,89.18439716312056,"dominancia","14","072"
"14-073","AMÉRICA MÓVIL",76.27281460134486,6369.976810063269,0.7627281460134486,0.23503041946845982,0.2367425366772038,76.27281460134486,"dominancia","14","073"
"14-074","AMÉRICA MÓVIL",71.32538822679669,5871.134801139534,0.7132538822679669,0.27988443481401226,0.2848020981404161,71.32538822679669,"dominancia","14","074"
"14-075","AMÉRICA MÓVIL",100,10000,1,0,0,100,"monopolio","14","075"
"14-077","MEGACABLE-MCM",66.4983164983165,5539.698723738193,0.664983164983165,0.33431537598204264,0.33478208045349367,66.4983164983165,"dominancia","14","077"
"14-078","AMÉRICA MÓVIL",63.30653921355638,5317.886034238219,0.6330653921355638,0.36193786660873345,0.36511361428276307,63.30653921355638,"dominancia","14","078"
"14-079","GRUPO TELEVISA",69.98861047835992,5799.089097711199,0.6998861047835991,0.3001138952164009,0.30011389521640086,69.98861047835992,"dominancia","14","079"
"14-080","AMÉRICA MÓVIL",100,10000,1,0,0,100,"monopolio","14","080"
"14-081","AMÉRICA MÓVIL",99.99999999999999,9999.999999999996,0.9999999999999999,0,1.1102230246251565e-16,99.99999999999999,"monopolio","14","081"
"14-082","MEGACABLE-MCM",65.55234008581978,5422.8364721083035,0.6555234008581978,0.3353956690949007,0.3413896628874593,65.55234008581978,"dominancia","14","082"
"14-083","MEGACABLE-MCM",66.48127917370147,4981.457469727626,0.6648127917370147,0.17126824908133875,0.29367838254311207,66.48127917370147,"dominancia","14","083"
"14-084","AMÉRICA MÓVIL",99.83844911147011,9967.742019673191,0.9983844911147011,0.0016155088852988692,0.001615508885298933,99.83844911147011,"dominancia","14","084"
"14-085","AMÉRICA MÓVIL",99.93975903614458,9987.959065176368,0.9993975903614458,6.024096385542169e-4,6.0240963855418e-4,99.93975903614458,"dominancia","14","085"
"14-086","MEGACABLE-MCM",74.55349549243068,5971.865112969811,0.7455349549243069,0.1944208198673244,0.24098854309194717,74.55349549243068,"dominancia","14","086"
"14-087","AMÉRICA MÓVIL",99.89106753812636,9978.237240187773,0.9989106753812637,0.0010893246187363835,0.0010893246187363426,99.89106753812636,"dominancia","14","087"
"14-088","AMÉRICA MÓVIL",92.24924012158056,8569.996581701944,0.9224924012158056,0.07750759878419453,0.07750759878419444,92.24924012158056,"dominancia","14","088"
"14-089","AMÉRICA MÓVIL",89.6825396825397,8149.407911312676,0.896825396825397,0.10317460317460317,0.10317460317460303,89.6825396825397,"dominancia","14","089"
"14-090","AMÉRICA MÓVIL",100,10000,1,0,0,100,"monopolio","14","090"
"14-091","AMÉRICA MÓVIL",57.34040537980678,5099.700044937102,0.5734040537980678,0.4256487971206668,0.42619234478910656,57.34040537980678,"dominancia","14","091"
"14-092","MEGACABLE-MCM",85.38985616956852,7472.426149299646,0.8538985616956851,0.13398940196820588,0.14440520308691884,85.38985616956852,"dominancia","14","092"
"14-093","AMÉRICA MÓVIL",50.068003487358325,3770.733499086735,0.5006800348735833,0.27909328683522233,0.4136062827177376,50.068003487358325,"dominancia","14","093"
"14-094","MEGACABLE-MCM",49.04531456225253,3786.791093207838,0.4904531456225253,0.32089749230092385,0.43121545625699575,49.04531456225253,"dominancia","14","094"
"14-095","AMÉRICA MÓVIL",98.10725552050474,9628.616067430266,0.9810725552050473,0.01892744479495268,0.018927444794952675,98.10725552050474,"dominancia","14","095"
"14-096","MEGACABLE-MCM",81.12950340798442,6851.636391907305,0.8112950340798442,0.1620253164556962,0.1840262854249765,81.12950340798442,"dominancia","14","096"
"14-097","MEGACABLE-MCM",54.92107151399187,3754.8211367016434,0.5492107151399187,0.18697679980865822,0.36666395702109306,54.92107151399187,"dominancia","14","097"
"14-098","GRUPO SALINAS",29.219379852419113,2675.347381319275,0.29219379852419114,0.29169352433545304,0.499853948121621,29.219379852419113,"no dominancia","14","098"
"14-099","ROSA ELENA DELGADO ALMARAZ",61.34969325153374,4994.166133463812,0.6134969325153374,0.34969325153374237,0.37295344198125635,61.34969325153374,"dominancia","14","099"
"14-100","AMÉRICA MÓVIL",87.22274289284597,7759.478669632389,0.8722274289284597,0.12308653545766948,0.1271848037179104,87.22274289284597,"dominancia","14","100"
"14-101","MEGACABLE-MCM",35.481748623227254,2950.373606040506,0.35481748623227255,0.34480237828354204,0.49649661576689896,35.481748623227254,"no dominancia","14","101"
"14-102","MEGACABLE-MCM",85.35564853556485,7488.077059297667,0.8535564853556485,0.1422594142259414,0.14583953362161028,85.35564853556485,"dominancia","14","102"
"14-103","MEGACABLE-MCM",84.82777474029525,7388.889171213676,0.8482777474029526,0.13832695462001093,0.14977960481770958,84.82777474029525,"dominancia","14","103"
"14-104","AMÉRICA MÓVIL",100,10000,1,0,0,100,"monopolio","14","104"
"14-105","AMÉRICA MÓVIL",93.49397590361447,8768.957758745828,0.9349397590361447,0.05120481927710843,0.0642547902453185,93.49397590361447,"dominancia","14","105"
"14-106","ROSA ELENA DELGADO ALMARAZ",100,10000,1,0,0,100,"monopolio","14","106"
"14-107","MEGACABLE-MCM",89.04282115869017,7993.610770958511,0.8904282115869018,0.07052896725440806,0.10605596761606251,89.04282115869017,"dominancia","14","107"
"14-108","AMÉRICA MÓVIL",97.96603061438456,9601.395765559892,0.9796603061438457,0.020130006290626966,0.02033545085970362,97.96603061438456,"dominancia","14","108"
"14-109","AMÉRICA MÓVIL",86.01177003168854,7572.226545136864,0.8601177003168854,0.13173381620642824,0.1387756699669508,86.01177003168854,"dominancia","14","109"
"14-110","MEGACABLE-MCM",60.82968521992912,5229.670896474843,0.6082968521992912,0.3910777569314155,0.3914583757854705,60.82968521992912,"dominancia","14","110"
"14-111","AMÉRICA MÓVIL",73.75,5793.941326530612,0.7375,0.16071428571428573,0.24096141581632652,73.75,"dominancia","14","111"
"14-112","MEGACABLE-MCM",88.98007033997655,8008.468490631643,0.8898007033997655,0.09407971864009378,0.10855285084434091,88.98007033997655,"dominancia","14","112"
"14-113","AMÉRICA MÓVIL",96.87814702920443,9395.121337783416,0.9687814702920443,0.03121852970795569,0.03121852970795569,96.87814702920443,"dominancia","14","113"
"14-114","MEGACABLE-MCM",80.97024256064016,6836.225810641207,0.8097024256064016,0.16554138534633658,0.18589296611474698,80.97024256064016,"dominancia","14","114"
"14-115","AMÉRICA MÓVIL",99.86225895316805,9972.489735825575,0.9986225895316805,0.0013774104683195593,0.0013774104683195176,99.86225895316805,"dominancia","14","115"
"14-116","AMÉRICA MÓVIL",100,10000,1,0,0,100,"monopolio","14","116"
"14-117","GRUPO TELEVISA",94.11764705882352,8892.733564013839,0.9411764705882352,0.0588235294117647,0.05882352941176483,94.11764705882352,"dominancia","14","117"
"14-118","AMÉRICA MÓVIL",67.47152619589977,5610.508455228024,0.6747152619589977,0.3252847380410023,0.32528473804100233,67.47152619589977,"dominancia","14","118"
"14-119","MEGACABLE-MCM",66.55296570020845,5369.490614139993,0.6655296570020844,0.305287094940307,0.32513524299388996,66.55296570020845,"dominancia","14","119"
"14-120","GRUPO SALINAS",36.50748018837592,3041.4467735745284,0.36507480188375924,0.3528700849204698,0.4956188429306567,36.50748018837592,"no dominancia","14","120"
"14-121","MEGACABLE-MCM",77.71214522403112,6288.241284346103,0.7771214522403112,0.1179224895548192,0.20499398100535815,77.71214522403112,"dominancia","14","121"
"14-122","AMÉRICA MÓVIL",91.52542372881356,8448.721631715025,0.9152542372881356,0.08474576271186439,0.0847457627118644,91.52542372881356,"dominancia","14","122"
"14-123","AMÉRICA MÓVIL",98.0243161094225,9612.11555695162,0.980243161094225,0.0182370820668693,0.019727968145157482,98.0243161094225,"dominancia","14","123"
"14-124","MEGACABLE-MCM",46.53970826580227,3625.7768151956056,0.4653970826580227,0.3065640194489465,0.4386935267370478,46.53970826580227,"dominancia","14","124"
"14-125","GRUPO TELEVISA",69.3069306930693,5745.515145573963,0.693069306930693,0.3069306930693069,0.306930693069307,69.3069306930693,"dominancia","14","125"
"15-001","MEGACABLE-MCM",64.85328764189335,5128.067028505759,0.6485328764189334,0.29920753908759906,0.3344651298253208,64.85328764189335,"dominancia","15","001"
"15-002","AMÉRICA MÓVIL",61.53053913666488,5227.823116405709,0.6153053913666487,0.37967938384381156,0.3827778549355758,61.53053913666488,"dominancia","15","002"
"15-003","AMÉRICA MÓVIL",91.95081050866406,8516.241574418666,0.9195081050866406,0.07825600894354388,0.08031442380787374,91.95081050866406,"dominancia","15","003"
"15-004","AMÉRICA MÓVIL",99.7159090909091,9943.302879648762,0.9971590909090909,0.0014204545454545455,0.0028378825542355046,99.7159090909091,"dominancia","15","004"
"15-005","AMÉRICA MÓVIL",41.04555513800159,3341.7987174337045,0.4104555513800159,0.31554553426030313,0.4655476122664736,41.04555513800159,"no dominancia","15","005"
"15-006","GRUPO TELEVISA",77.41935483870968,6503.642039542144,0.7741935483870968,0.2258064516129032,0.22580645161290325,77.41935483870968,"dominancia","15","006"
"15-007","AMÉRICA MÓVIL",97.44160177975529,9501.41115885776,0.9744160177975529,0.025583982202447165,0.025583982202447064,97.44160177975529,"dominancia","15","007"
"15-008","AMÉRICA MÓVIL",99.29676511954993,9860.183849929082,0.9929676511954993,0.005625879043600563,0.00702344709715319,99.29676511954993,"dominancia","15","008"
"15-009","AMÉRICA MÓVIL",70.40480013521508,5832.711737116148,0.7040480013521508,0.2959519986478492,0.29595199864784916,70.40480013521508,"dominancia","15","009"
"15-010","AMÉRICA MÓVIL",96.6728280961183,9352.487630214348,0.9667282809611829,0.025261860751694395,0.033037296199237065,96.6728280961183,"dominancia","15","010"
"15-011","GRUPO SALINAS",60.39376118639734,4613.162554905978,0.6039376118639734,0.29327537714139607,0.36063490390673436,60.39376118639734,"dominancia","15","011"
"15-012","AMÉRICA MÓVIL",98.79518072289157,9761.213528814053,0.9879518072289157,0.006024096385542169,0.011993758165190826,98.79518072289157,"dominancia","15","012"
"15-013","AMÉRICA MÓVIL",35.93382105617222,2826.8579141079626,0.3593382105617222,0.3162560264603655,0.4854469623513994,35.93382105617222,"no dominancia","15","013"
"15-014","MEGACABLE-MCM",56.05150679002327,4805.436905894938,0.5605150679002326,0.40723908456419416,0.42583326532674026,56.05150679002327,"dominancia","15","014"
"15-015","AMÉRICA MÓVIL",95.69151227919001,9175.428588718743,0.9569151227919,0.043084877208099955,0.04308487720809995,95.69151227919001,"dominancia","15","015"
"15-016","AMÉRICA MÓVIL",96.51448208149239,9324.69250143817,0.9651448208149239,0.030927835051546393,0.03472600291755207,96.51448208149239,"dominancia","15","016"
"15-017","AMÉRICA MÓVIL",84.46389496717724,7375.520112617249,0.8446389496717724,0.15536105032822758,0.15536105032822756,84.46389496717724,"dominancia","15","017"
"15-018","AMÉRICA MÓVIL",46.64444554997264,3520.5194960415324,0.46644445549972635,0.26978757275757426,0.4276074521739936,46.64444554997264,"dominancia","15","018"
"15-019","AMÉRICA MÓVIL",90.49844236760124,8232.22066944226,0.9049844236760124,0.057632398753894074,0.0921623431449618,90.49844236760124,"dominancia","15","019"
"15-020","AMÉRICA MÓVIL",32.44743653785024,2693.5967303615453,0.3244743653785024,0.29981608464647386,0.4923030354124799,32.44743653785024,"no dominancia","15","020"
"15-021","AMÉRICA MÓVIL",99.2496248124062,9850.920958227987,0.992496248124062,0.0065032516258129065,0.007496744870684469,99.2496248124062,"dominancia","15","021"
"15-022","AMÉRICA MÓVIL",80.89073019161057,6906.500577537688,0.8089073019161057,0.1905748316934231,0.19099387169089138,80.89073019161057,"dominancia","15","022"
"15-023","AMÉRICA MÓVIL",72.4594107035478,5998.978871978967,0.724594107035478,0.27360192423331325,0.274910696496815,72.4594107035478,"dominancia","15","023"
"15-024","GRUPO SALINAS",68.05235673728137,5305.899013152045,0.6805235673728137,0.2504161630903245,0.29979796449352974,68.05235673728137,"dominancia","15","024"
"15-025","AMÉRICA MÓVIL",59.76126257866745,4617.0568178990725,0.5976126257866745,0.31090024805294686,0.36975905686987,59.76126257866745,"dominancia","15","025"
"15-026","AMÉRICA MÓVIL",94.13793103448276,8894.35196195006,0.9413793103448276,0.056896551724137934,0.058521105826397135,94.13793103448276,"dominancia","15","026"
"15-027","GRUPO TELEVISA",85.58558558558559,7532.667802938074,0.8558558558558559,0.14414414414414414,0.14414414414414412,85.58558558558559,"dominancia","15","027"
"15-028","AMÉRICA MÓVIL",84.3558282208589,7286.452256389025,0.843558282208589,0.1273006134969325,0.15230743535699498,84.3558282208589,"dominancia","15","028"
"15-029","AMÉRICA MÓVIL",44.44996469942212,3578.965266713505,0.4444996469942212,0.33849331903877833,0.45849889542795047,44.44996469942212,"no dominancia","15","029"
"15-030","GRUPO SALINAS",55.856253764304356,5009.945981842022,0.5585625376430435,0.4346918289500101,0.4384824388488342,55.856253764304356,"dominancia","15","030"
"15-031","GRUPO SALINAS",33.556483932590005,2797.121480354411,0.33556483932590003,0.3225442569425156,0.49571551814739123,33.556483932590005,"no dominancia","15","031"
"15-032","AMÉRICA MÓVIL",96.44859813084112,9314.944536640754,0.9644859813084112,0.03551401869158879,0.03551401869158877,96.44859813084112,"dominancia","15","032"
"15-033","GRUPO SALINAS",39.04849608673499,3229.1491357417635,0.3904849608673499,0.33879185773590265,0.48115070910228414,39.04849608673499,"no dominancia","15","033"
"15-034","AMÉRICA MÓVIL",100,10000,1,0,0,100,"monopolio","15","034"
"15-035","MEGACABLE-MCM",34.41595312180608,2730.6947213619956,0.3441595312180608,0.3000749506007404,0.4857995965249007,34.41595312180608,"no dominancia","15","035"
"15-036","AMÉRICA MÓVIL",60.823032861018994,4848.0598344610935,0.60823032861019,0.33403678022309313,0.37081821895027567,60.823032861019,"dominancia","15","036"
"15-037","AMÉRICA MÓVIL",61.01029748283752,4325.4494027826495,0.6101029748283753,0.20572082379862697,0.3350477087249763,61.01029748283753,"dominancia","15","037"
"15-038","AMÉRICA MÓVIL",95.21912350597609,9089.538261297437,0.9521912350597609,0.04780876494023904,0.04780876494023911,95.21912350597609,"dominancia","15","038"
"15-039","GRUPO SALINAS",37.359199939845105,3271.78073772312,0.37359199939845106,0.3099857132115197,0.47826008019036115,37.359199939845105,"no dominancia","15","039"
"15-040","AMÉRICA MÓVIL",51.83437357284213,4756.708075019232,0.5183437357284213,0.4542548333079616,0.4688336126073743,51.83437357284213,"dominancia","15","040"
"15-041","AMÉRICA MÓVIL",99.25925925925925,9852.949245541837,0.9925925925925925,0.007407407407407408,0.007407407407407529,99.25925925925925,"dominancia","15","041"
"15-042","MEGACABLE-MCM",45.126835781041386,3365.546585478457,0.45126835781041386,0.2897196261682243,0.440147165513074,45.126835781041386,"dominancia","15","042"
"15-043","MEGACABLE-MCM",53.07361002349256,4838.690242216824,0.5307361002349257,0.4492952231793265,0.4600926947395919,53.07361002349257,"dominancia","15","043"
"15-044","GRUPO TELEVISA",83.95833333333334,7253.2118055555575,0.8395833333333335,0.14166666666666666,0.15758463541666656,83.95833333333334,"dominancia","15","044"
"15-045","MEGACABLE-MCM",47.73425880019831,4526.084651311644,0.4773425880019831,0.47327714427367373,0.4980676544857064,47.73425880019831,"no dominancia","15","045"
"15-046","AMÉRICA MÓVIL",99.02294596595115,9806.469972348252,0.9902294596595115,0.009622501850481125,0.009769104882147217,99.02294596595115,"dominancia","15","046"
"15-047","MEGACABLE-MCM",54.1739347121854,4820.789573184435,0.541739347121854,0.4335908298031398,0.44725974373468136,54.1739347121854,"dominancia","15","047"
"15-048","MEGACABLE-MCM",60.13083451202263,4918.758590094209,0.6013083451202264,0.3589108910891089,0.38362265091557646,60.13083451202264,"dominancia","15","048"
"15-049","MEGACABLE-MCM",81.47080028839221,6848.132494078031,0.8147080028839221,0.136986301369863,0.1775080583999431,81.47080028839221,"dominancia","15","049"
"15-050","AMÉRICA MÓVIL",98.48282016956716,9701.036283564525,0.9848282016956716,0.014725568942436412,0.015165127762773956,98.48282016956716,"dominancia","15","050"
"15-051","AMÉRICA MÓVIL",35.3361566966649,3252.443428576072,0.353361566966649,0.33820804658549497,0.4947601428830254,35.3361566966649,"no dominancia","15","051"
"15-052","AMÉRICA MÓVIL",71.20015411288769,5782.984798645879,0.7120015411288769,0.2662300134848777,0.28196611275513117,71.20015411288769,"dominancia","15","052"
"15-053","GRUPO SALINAS",58.65092395291159,4315.662861458431,0.5865092395291159,0.23904006706954972,0.3565735328057965,58.65092395291159,"dominancia","15","053"
"15-054","AMÉRICA MÓVIL",33.71517595307918,2655.33269757097,0.3371517595307918,0.2726722873900293,0.48033943367790094,33.71517595307918,"no dominancia","15","054"
"15-055","AMÉRICA MÓVIL",97.0360237118103,9421.963803496137,0.970360237118103,0.02371181030551756,0.029481630084031818,97.0360237118103,"dominancia","15","055"
"15-056","AMÉRICA MÓVIL",97.20496894409938,9453.917672929285,0.9720496894409938,0.021739130434782608,0.027795995524864003,97.20496894409938,"dominancia","15","056"
"15-057","AMÉRICA MÓVIL",44.628736810458186,3451.295716896158,0.44628736810458186,0.2881831123153102,0.44193854564701207,44.628736810458186,"dominancia","15","057"
"15-058","AMÉRICA MÓVIL",36.53600022753452,3072.2698343262005,0.3653600022753452,0.35356020421223283,0.49575844336997776,36.53600022753452,"no dominancia","15","058"
"15-059","MEGACABLE-MCM",74.69896004378764,5926.309771717733,0.7469896004378763,0.16762452107279693,0.2350522584512732,74.69896004378764,"dominancia","15","059"
"15-060","AMÉRICA MÓVIL",38.40223871950948,2836.3220246173555,0.38402238719509474,0.28432272496368316,0.4666831090318775,38.40223871950948,"no dominancia","15","060"
"15-061","AMÉRICA MÓVIL",95.44175576814857,9129.906334584126,0.9544175576814857,0.045582442318514355,0.04558244231851427,95.44175576814857,"dominancia","15","061"
"15-062","AMÉRICA MÓVIL",50.40244005761247,4673.288129422894,0.5040244005761247,0.4613233923578751,0.4793893379802281,50.40244005761247,"dominancia","15","062"
"15-063","AMÉRICA MÓVIL",82.89855072463769,7145.4736399916,0.8289855072463769,0.16521739130434782,0.17003990758244064,82.89855072463769,"dominancia","15","063"
"15-064","AMÉRICA MÓVIL",60.22548505506031,5133.69175853925,0.6022548505506031,0.3880440482433141,0.3939336391826651,60.22548505506031,"dominancia","15","064"
"15-065","AMÉRICA MÓVIL",98.06784992136598,9620.551822660093,0.9806784992136598,0.01797348910357223,0.019296363745300027,98.06784992136598,"dominancia","15","065"
"15-066","AMÉRICA MÓVIL",93.95973154362416,8864.91599477501,0.9395973154362416,0.06040268456375839,0.06040268456375841,93.95973154362416,"dominancia","15","066"
"15-067","AMÉRICA MÓVIL",36.30398730982767,3332.048690350149,0.3630398730982767,0.3568389934386041,0.4977680588895317,36.30398730982767,"no dominancia","15","067"
"15-068","AMÉRICA MÓVIL",99.5431632010082,9909.050039923466,0.995431632010082,0.004568367989918084,0.0045683679899179985,99.5431632010082,"dominancia","15","068"
"15-069","AMÉRICA MÓVIL",94.54545454545453,8954.562320796085,0.9454545454545453,0.033766233766233764,0.05362793051104753,94.54545454545453,"dominancia","15","069"
"15-070","AMÉRICA MÓVIL",62.16922220848276,4396.397527291045,0.6216922220848276,0.1863020897737109,0.3241036248266407,62.16922220848276,"dominancia","15","070"
"15-071","AMÉRICA MÓVIL",94.21487603305785,8907.16481114678,0.9421487603305785,0.05537190082644628,0.05771088040434402,94.21487603305785,"dominancia","15","071"
"15-072","MEGACABLE-MCM",93.77062706270628,8824.621632955377,0.9377062706270628,0.056105610561056105,0.06192739478155729,93.77062706270628,"dominancia","15","072"
"15-073","MEGACABLE-MCM",50.33277870216306,4907.21509630372,0.5033277870216306,0.4871880199667221,0.49200665280550165,50.33277870216306,"dominancia","15","073"
"15-074","AMÉRICA MÓVIL",96.11327040533037,9252.441961881255,0.9611327040533036,0.038312048861743477,0.03884586914358462,96.11327040533037,"dominancia","15","074"
"15-075","AMÉRICA MÓVIL",50.84120765153261,4983.356014507099,0.5084120765153262,0.4897441806867942,0.4906832614849767,50.84120765153261,"dominancia","15","075"
"15-076","MEGACABLE-MCM",44.51757109151869,3468.205153770711,0.4451757109151869,0.3126785049050043,0.44979321692039337,44.51757109151869,"no dominancia","15","076"
"15-077","AMÉRICA MÓVIL",96.92307692307692,9403.550295857987,0.9692307692307692,0.03076923076923077,0.03076923076923077,96.92307692307692,"dominancia","15","077"
"15-078","MEGACABLE-MCM",91.51515151515152,8410.680228862047,0.9151515151515152,0.04382284382284382,0.08220907297830377,91.51515151515152,"dominancia","15","078"
"15-079","AMÉRICA MÓVIL",72.41379310344828,5915.576694411417,0.7241379310344829,0.25862068965517243,0.27125445897740774,72.41379310344828,"dominancia","15","079"
"15-080","MEGACABLE-MCM",89.36279547790339,8098.859335670503,0.8936279547790339,0.10637204522096608,0.1063720452209661,89.36279547790339,"dominancia","15","080"
"15-081","GRUPO SALINAS",40.349354840626916,3407.2480418762852,0.40349354840626916,0.30022644469935156,0.46366443724566525,40.349354840626916,"no dominancia","15","081"
"15-082","AMÉRICA MÓVIL",62.872421695951104,4874.321778357647,0.6287242169595111,0.2935719742442432,0.34544518153515613,62.87242169595111,"dominancia","15","082"
"15-083","AMÉRICA MÓVIL",63.391984359726294,5355.116771728256,0.6339198435972629,0.3655913978494624,0.36590135103757276,63.391984359726294,"dominancia","15","083"
"15-084","AMÉRICA MÓVIL",85.9479753285063,7501.4312742760185,0.859479753285063,0.1005631536604988,0.13570375078359614,85.9479753285063,"dominancia","15","084"
"15-085","MEGACABLE-MCM",53.35389360061681,4810.7965181496475,0.5335389360061681,0.4425597532767926,0.4555976694929108,53.35389360061681,"dominancia","15","085"
"15-086","MEGACABLE-MCM",63.66585563665856,5350.124219802946,0.6366585563665856,0.36009732360097324,0.36216798253489957,63.66585563665856,"dominancia","15","086"
"15-087","MEGACABLE-MCM",77.08935383192694,6387.065486718758,0.7708935383192694,0.21038030285516127,0.2249915122035132,77.08935383192694,"dominancia","15","087"
"15-088","MEGACABLE-MCM",72.56518735969608,5972.833159404158,0.7256518735969608,0.26580037989984456,0.272039600150061,72.56518735969608,"dominancia","15","088"
"15-089","AMÉRICA MÓVIL",98.07789580171976,9622.968129442046,0.9807789580171976,0.019221041982802226,0.01922104198280239,98.07789580171976,"dominancia","15","089"
"15-090","MEGACABLE-MCM",61.94441845232525,5068.8147229122715,0.6194441845232526,0.35005146439599516,0.36941246499305164,61.94441845232526,"dominancia","15","090"
"15-091","GRUPO SALINAS",49.14486279514997,3816.8603483868183,0.4914486279514997,0.32801531589023614,0.4330361467715799,49.14486279514997,"dominancia","15","091"
"15-092","AMÉRICA MÓVIL",64.94746129782627,5428.990560265594,0.6494746129782627,0.3479586107323333,0.3496289609397557,64.94746129782627,"dominancia","15","092"
"15-093","AMÉRICA MÓVIL",87.91876667654907,7840.031083413048,0.8791876667654906,0.10361695819745034,0.11888276031677236,87.91876667654907,"dominancia","15","093"
"15-094","AMÉRICA MÓVIL",99.74690663667042,9949.496786748676,0.9974690663667042,0.0022497187851518562,0.0025302614380738886,99.74690663667042,"dominancia","15","094"
"15-095","AMÉRICA MÓVIL",81.55805914735629,6952.3780520795335,0.8155805914735629,0.17302522084240174,0.18238301292959763,81.55805914735629,"dominancia","15","095"
"15-096","AMÉRICA MÓVIL",50.40977499627477,4923.2556561006095,0.5040977499627477,0.4880047682908657,0.4920170561785583,50.40977499627477,"dominancia","15","096"
"15-097","AMÉRICA MÓVIL",99.71751412429379,9943.662421398703,0.9971751412429378,0.002824858757062147,0.002824858757062121,99.71751412429379,"dominancia","15","097"
"15-098","GRUPO TELEVISA",80,6800,0.8,0.2,0.19999999999999996,80,"dominancia","15","098"
"15-099","AMÉRICA MÓVIL",48.30824664380775,4051.84844765154,0.4830824664380775,0.396687394664962,0.46199610985308953,48.30824664380775,"dominancia","15","099"
"15-100","AMÉRICA MÓVIL",96.27317789608959,9278.36138075577,0.9627317789608959,0.03065907839177529,0.037043750433310874,96.27317789608959,"dominancia","15","100"
"15-101","MEGACABLE-MCM",56.281546013966675,4957.904562302042,0.5628154601396668,0.42301044043421143,0.43108829527206033,56.281546013966675,"dominancia","15","101"
"15-102","AMÉRICA MÓVIL",85.91117917304747,7566.702391366036,0.8591117917304747,0.1362940275650842,0.14025149562978267,85.91117917304747,"dominancia","15","102"
"15-103","AMÉRICA MÓVIL",67.65029508852655,5623.065833424128,0.6765029508852655,0.3234970491147344,0.3234970491147345,67.65029508852655,"dominancia","15","103"
"15-104","AMÉRICA MÓVIL",33.0752688172043,2816.561711823578,0.33075268817204295,0.2948138957816377,0.4887589462064568,33.0752688172043,"no dominancia","15","104"
"15-105","AMÉRICA MÓVIL",100,10000,1,0,0,100,"monopolio","15","105"
"15-106","GRUPO SALINAS",42.74053051172016,2979.2831480784735,0.4274053051172016,0.24619329400307932,0.43896792158487924,42.74053051172016,"no dominancia","15","106"
"15-107","AMÉRICA MÓVIL",94.2789598108747,8920.716038205097,0.942789598108747,0.05673758865248227,0.05718346383202283,94.2789598108747,"dominancia","15","107"
"15-108","AMÉRICA MÓVIL",35.050165595168515,2665.0964174694786,0.35050165595168514,0.2556740697447886,0.4712589095574948,35.050165595168515,"no dominancia","15","108"
"15-109","GRUPO SALINAS",40.79092885199639,2972.999548194489,0.4079092885199639,0.287102597022894,0.4580189567782136,40.79092885199639,"no dominancia","15","109"
"15-110","AMÉRICA MÓVIL",56.2450579296593,4061.5981492301944,0.562450579296593,0.24498917041977514,0.3718345197359483,56.2450579296593,"dominancia","15","110"
"15-111","JOSE ARMANDO BRIBIESCA RAMIREZ",57.475083056478404,5083.718722751404,0.574750830564784,0.4219269102990033,0.4238419001997771,57.475083056478404,"dominancia","15","111"
"15-112","AMÉRICA MÓVIL",61.12637362637362,5198.965322538038,0.6112637362637362,0.38238324175824173,0.38628679415321976,61.12637362637362,"dominancia","15","112"
"15-113","AMÉRICA MÓVIL",62.61980830670926,4895.90176484398,0.6261980830670926,0.3044728434504792,0.35028983658095936,62.61980830670926,"dominancia","15","113"
"15-114","AMÉRICA MÓVIL",96.39175257731958,9302.662344563714,0.9639175257731958,0.03350515463917526,0.03599279944733774,96.39175257731958,"dominancia","15","114"
"15-115","MEGACABLE-MCM",41.292787057149276,3436.7125718560724,0.41292787057149277,0.33974983147329785,0.4724602608457134,41.292787057149276,"no dominancia","15","115"
"15-116","AMÉRICA MÓVIL",100,10000,1,0,0,100,"monopolio","15","116"
"15-117","AMÉRICA MÓVIL",95.97315436241611,9227.06184406108,0.9597315436241611,0.040268456375838924,0.04026845637583887,95.97315436241611,"dominancia","15","117"
"15-118","MEGACABLE-MCM",41.03941492460035,3011.7122386052533,0.4103941492460035,0.27888162578473885,0.45467580173249406,41.03941492460035,"no dominancia","15","118"
"15-119","AMÉRICA MÓVIL",96.9187675070028,9401.917629797015,0.969187675070028,0.02941176470588235,0.030770151197733964,96.9187675070028,"dominancia","15","119"
"15-120","GRUPO SALINAS",37.4877830545805,2824.1480939095136,0.374877830545805,0.2656067175992842,0.46500677029956833,37.4877830545805,"no dominancia","15","120"
"15-121","AMÉRICA MÓVIL",50.99885481613437,3967.8009835194425,0.5099885481613436,0.3447427577724054,0.42937962489040415,50.99885481613436,"dominancia","15","121"
"15-122","GRUPO SALINAS",42.54867723793474,2992.32566294856,0.4254867723793474,0.24317300469006967,0.43904705837010105,42.54867723793474,"no dominancia","15","122"
"15-123","MEGACABLE-MCM",76.14213197969542,6366.822128887628,0.7614213197969542,0.23857868020304568,0.2385786802030458,76.14213197969542,"dominancia","15","123"
"15-124","AMÉRICA MÓVIL",92.44604316546763,8589.358728844263,0.9244604316546763,0.06474820143884892,0.07478261994720764,92.44604316546763,"dominancia","15","124"
"15-125","GRUPO TELEVISA",52.459016393442624,4874.433914281462,0.5245901639344263,0.46050670640834573,0.46843579327515705,52.459016393442624,"dominancia","15","125"
"16-001","MEGACABLE-MCM",83.08457711442786,7076.059417915642,0.8308457711442786,0.12327252625760086,0.16244571015079995,83.08457711442786,"dominancia","16","001"
"16-002","AMÉRICA MÓVIL",57.14285714285714,5102.04081632653,0.5714285714285714,0.42857142857142855,0.4285714285714286,57.14285714285714,"dominancia","16","002"
"16-003","AMÉRICA MÓVIL",94.41248972884141,8942.305290229013,0.9441248972884141,0.05341002465078061,0.055740404526669285,94.41248972884141,"dominancia","16","003"
"16-004","MEGACABLE-MCM",99.22779922779924,9846.621994305393,0.9922779922779924,0.006756756756756756,0.00771501990131318,99.22779922779924,"dominancia","16","004"
"16-005","MEGACABLE-MCM",80.37798777098388,6782.166363191705,0.8037798777098388,0.17843246247915506,0.19288802592756582,80.37798777098388,"dominancia","16","005"
"16-006","AMÉRICA MÓVIL",99.8110434600042,9962.264232449297,0.998110434600042,0.001259710266638673,0.0018885736062355662,99.8110434600042,"dominancia","16","006"
"16-008","AMÉRICA MÓVIL",98.42767295597484,9689.687907915035,0.9842767295597484,0.01257861635220126,0.015678770618250848,98.42767295597484,"dominancia","16","008"
"16-009","AMÉRICA MÓVIL",97.9591836734694,9600.166597251147,0.979591836734694,0.020408163265306124,0.020408163265306034,97.9591836734694,"dominancia","16","009"
"16-010","AMÉRICA MÓVIL",68.40855106888361,5662.854531400749,0.6840855106888362,0.31353919239904987,0.3151669196179213,68.40855106888361,"dominancia","16","010"
"16-011","GRUPO TELEVISA",82.98800436205016,7176.416863581281,0.8298800436205016,0.17011995637949834,0.1701199563794984,82.98800436205016,"dominancia","16","011"
"16-012","AMÉRICA MÓVIL",95.86374695863746,9203.296215390625,0.9586374695863746,0.0364963503649635,0.04117309274749742,95.86374695863746,"dominancia","16","012"
"16-013","AMÉRICA MÓVIL",92.85714285714286,8673.469387755104,0.9285714285714286,0.07142857142857142,0.0714285714285714,92.85714285714286,"dominancia","16","013"
"16-014","AMÉRICA MÓVIL",61.87050359712231,5063.03190860581,0.6187050359712231,0.35011990407673854,0.3698940128472761,61.87050359712231,"dominancia","16","014"
"16-015","AMÉRICA MÓVIL",100,10000,1,0,0,100,"monopolio","16","015"
"16-016","AMÉRICA MÓVIL",92.38095238095238,8592.290249433107,0.9238095238095237,0.0761904761904762,0.07619047619047625,92.38095238095238,"dominancia","16","016"
"16-017","AMÉRICA MÓVIL",96.04190919674039,9239.714804961774,0.9604190919674039,0.03958090803259604,0.03958090803259606,96.04190919674039,"dominancia","16","017"
"16-018","MEGACABLE-MCM",99.02723735408561,9807.340005147697,0.9902723735408562,0.009727626459143969,0.009727626459143823,99.02723735408561,"dominancia","16","018"
"16-019","AMÉRICA MÓVIL",90.37990196078431,8258.165053705305,0.9037990196078431,0.09466911764705882,0.09605478699598707,90.37990196078431,"dominancia","16","019"
"16-020","MEGACABLE-MCM",54.33255269320843,4953.737474565209,0.5433255269320842,0.44730679156908665,0.45244036878390165,54.33255269320843,"dominancia","16","020"
"16-021","CORPORATIVO FRABE",69.67213114754098,5773.985487772104,0.6967213114754098,0.30327868852459017,0.30327868852459017,69.67213114754098,"dominancia","16","021"
"16-022","MEGACABLE-MCM",74.4793974302171,5892.622941004298,0.7447939743021711,0.1590607000443066,0.2352911210708809,74.4793974302171,"dominancia","16","022"
"16-023","AMÉRICA MÓVIL",98.91696750902527,9785.739420558068,0.9891696750902527,0.01083032490974729,0.010830324909747335,98.91696750902527,"dominancia","16","023"
"16-024","AMÉRICA MÓVIL",100,10000,1,0,0,100,"monopolio","16","024"
"16-025","MEGACABLE-MCM",89.37219730941703,8100.339841943331,0.8937219730941703,0.10627802690582959,0.10627802690582966,89.37219730941703,"dominancia","16","025"
"16-027","GRUPO TELEVISA",94.73684210526315,9002.770083102492,0.9473684210526315,0.05263157894736842,0.052631578947368474,94.73684210526315,"dominancia","16","027"
"16-028","MEGACABLE-MCM",96.01301871440195,9234.39578242381,0.9601301871440195,0.03986981285598047,0.03986981285598046,96.01301871440195,"dominancia","16","028"
"16-029","AMÉRICA MÓVIL",100,10000,1,0,0,100,"monopolio","16","029"
"16-030","MEGACABLE-MCM",87.88741302972802,7867.8795996577,0.8788741302972802,0.11986084756483241,0.12097344293657963,87.88741302972802,"dominancia","16","030"
"16-031","GRUPO TELEVISA",97.22222222222221,9459.876543209875,0.9722222222222221,0.027777777777777776,0.027777777777777846,97.22222222222221,"dominancia","16","031"
"16-032","AMÉRICA MÓVIL",99.29742388758783,9860.47200390503,0.9929742388758782,0.00702576112412178,0.007025761124121788,99.29742388758783,"dominancia","16","032"
"16-033","AMÉRICA MÓVIL",65.05102040816327,5444.183413161183,0.6505102040816326,0.3482142857142857,0.3490448315805914,65.05102040816327,"dominancia","16","033"
"16-034","AMÉRICA MÓVIL",52.66337786153761,4979.8162043559605,0.5266337786153761,0.46970788758937976,0.47164118144248424,52.66337786153761,"dominancia","16","034"
"16-035","AMÉRICA MÓVIL",99.41002949852508,9882.702030090237,0.9941002949852508,0.0058997050147492625,0.005899705014749235,99.41002949852508,"dominancia","16","035"
"16-036","MEGACABLE-MCM",62.97229219143577,5327.265574935442,0.6297229219143577,0.3690176322418136,0.36981152726049904,62.97229219143578,"dominancia","16","036"
"16-037","AMÉRICA MÓVIL",88.8888888888889,8024.691358024694,0.888888888888889,0.1111111111111111,0.11111111111111105,88.8888888888889,"dominancia","16","037"
"16-038","AMÉRICA MÓVIL",99.96995192307692,9993.992190389237,0.9996995192307692,3.0048076923076925e-4,3.0048076923083755e-4,99.96995192307692,"dominancia","16","038"
"16-039","GRUPO TELEVISA",100,10000,1,0,0,100,"monopolio","16","039"
"16-040","MEGACABLE-MCM",80.79777365491651,6866.336684783544,0.8079777365491652,0.18367346938775508,0.19045396029891126,80.79777365491651,"dominancia","16","040"
"16-041","AMÉRICA MÓVIL",62.06896551724138,4693.055296233331,0.6206896551724138,0.26959247648902823,0.34371222767071863,62.06896551724138,"dominancia","16","041"
"16-042","AMÉRICA MÓVIL",98.36734693877551,9678.800499791754,0.9836734693877551,0.0163265306122449,0.01632653061224487,98.36734693877551,"dominancia","16","042"
"16-043","MEGACABLE-MCM",67.24970725995317,5590.7976832059085,0.6724970725995317,0.32684426229508196,0.32728742957013823,67.24970725995317,"dominancia","16","043"
"16-044","MEGACABLE-MCM",63.76446904881731,5353.6386107079,0.6376446904881731,0.35883241066935073,0.36108497381950977,63.764469048817304,"dominancia","16","044"
"16-045","AMÉRICA MÓVIL",99.61042852861851,9922.38923758633,0.9961042852861851,0.003895714713814804,0.0038957147138148907,99.61042852861851,"dominancia","16","045"
"16-046","MEGACABLE-MCM",68.03827751196172,5451.555596254665,0.6803827751196172,0.28468899521531105,0.3090635516586159,68.03827751196172,"dominancia","16","046"
"16-047","AMÉRICA MÓVIL",100,10000,1,0,0,100,"monopolio","16","047"
"16-048","AMÉRICA MÓVIL",60.60606060606061,5224.977043158861,0.6060606060606061,0.3939393939393939,0.3939393939393939,60.60606060606061,"dominancia","16","048"
"16-049","MAXICABLE",71.80385288966725,5889.029293861816,0.7180385288966725,0.27057793345008757,0.2788165445450112,71.80385288966725,"dominancia","16","049"
"16-050","MEGACABLE-MCM",72.97055312375647,6022.710358186773,0.7297055312375648,0.2641265419816952,0.26864633393025583,72.97055312375647,"dominancia","16","050"
"16-051","AMÉRICA MÓVIL",90.95652173913044,8351.788279773158,0.9095652173913044,0.08869565217391302,0.09027901701323254,90.95652173913044,"dominancia","16","051"
"16-052","AMÉRICA MÓVIL",99.64923782986396,9930.070938040446,0.9964923782986397,0.003147025077856089,0.00350642187978073,99.64923782986396,"dominancia","16","052"
"16-053","MEGACABLE-MCM",48.985727300334034,3922.0184724653573,0.48985727300334037,0.36360461585180687,0.44612408437723544,48.985727300334034,"dominancia","16","053"
"16-054","GRUPO TELEVISA",100,10000,1,0,0,100,"monopolio","16","054"
"16-055","AMÉRICA MÓVIL",80.1482701812191,6817.019621440144,0.8014827018121911,0.19831136738056013,0.19847643856408892,80.1482701812191,"dominancia","16","055"
"16-056","AMÉRICA MÓVIL",99.87437185929647,9974.905936718767,0.9987437185929647,0.0012562814070351757,0.0012562814070352646,99.87437185929647,"dominancia","16","056"
"16-058","AMÉRICA MÓVIL",99.91659716430358,9983.333344926721,0.9991659716430358,8.340283569641367e-4,8.340283569642226e-4,99.91659716430358,"dominancia","16","058"
"16-059","AMÉRICA MÓVIL",100,10000,1,0,0,100,"monopolio","16","059"
"16-060","MEGACABLE-MCM",79.67479674796748,6761.187124066362,0.7967479674796748,0.20325203252032523,0.2032520325203252,79.67479674796748,"dominancia","16","060"
"16-061","AMÉRICA MÓVIL",99.2,9841.28,0.992,0.008,0.008000000000000007,99.2,"dominancia","16","061"
"16-062","MEGACABLE-MCM",81.1573747353564,6941.564000798851,0.811573747353564,0.18842625264643612,0.18842625264643603,81.1573747353564,"dominancia","16","062"
"16-063","AMÉRICA MÓVIL",100,10000,1,0,0,100,"monopolio","16","063"
"16-064","AMÉRICA MÓVIL",98.85321100917432,9773.27245181382,0.9885321100917431,0.011467889908256881,0.011467889908256867,98.85321100917432,"dominancia","16","064"
"16-065","AMÉRICA MÓVIL",92.8414701042238,8670.391947351585,0.928414701042238,0.07131102578167856,0.0715657026433435,92.8414701042238,"dominancia","16","065"
"16-066","AMÉRICA MÓVIL",58.720000000000006,5067.844923076925,0.5872,0.4023384615384616,0.408536198816568,58.720000000000006,"dominancia","16","066"
"16-067","MEGACABLE-MCM",84.41345365053321,7348.974838505181,0.8441345365053321,0.14930270713699756,0.15486409131868206,84.41345365053321,"dominancia","16","067"
"16-068","AMÉRICA MÓVIL",71.06636838180462,5489.760622629178,0.7106636838180462,0.1777280636341039,0.26327219655264605,71.06636838180462,"dominancia","16","068"
"16-069","MEGACABLE-MCM",51.06787234791176,4982.371974165809,0.5106787234791176,0.48728053200098514,0.488324779126451,51.06787234791176,"dominancia","16","069"
"16-070","MEGACABLE-MCM",76.87478791991856,6441.378848976414,0.7687478791991856,0.23057346454021035,0.23109541038841497,76.87478791991856,"dominancia","16","070"
"16-071","AMÉRICA MÓVIL",39.10040431266846,3197.6334722212127,0.3910040431266846,0.3728099730458221,0.4930515571305062,39.10040431266846,"no dominancia","16","071"
"16-072","AMÉRICA MÓVIL",97.9035639412998,9589.502876556397,0.979035639412998,0.020964360587002098,0.020964360587002018,97.9035639412998,"dominancia","16","072"
"16-073","AMÉRICA MÓVIL",52.54534815681685,4909.913133272686,0.5254534815681685,0.46342890579286133,0.4693324947161296,52.54534815681685,"dominancia","16","073"
"16-074","MEGACABLE-MCM",86.53600340860673,7595.908364829118,0.8653600340860673,0.09629314017895187,0.13021219012604185,86.53600340860673,"dominancia","16","074"
"16-075","AMÉRICA MÓVIL",73.29257107918068,5939.755955474683,0.7329257107918068,0.23644145521247326,0.25936223210165843,73.29257107918068,"dominancia","16","075"
"16-076","AMÉRICA MÓVIL",99.62457764985609,9925.12976172152,0.9962457764985609,0.0022525341008634713,0.0037497133593274445,99.62457764985609,"dominancia","16","076"
"16-077","AMÉRICA MÓVIL",100,10000,1,0,0,100,"monopolio","16","077"
"16-078","GRUPO TELEVISA",78.68934467233618,6476.942823587883,0.7868934467233618,0.16058029014507255,0.20329236654345167,78.68934467233618,"dominancia","16","078"
"16-079","MEGACABLE-MCM",94.00737553779963,8870.384315422481,0.9400737553779963,0.057390903503380455,0.05977752512722273,94.00737553779963,"dominancia","16","079"
"16-080","AMÉRICA MÓVIL",71.68141592920354,5940.167593390242,0.7168141592920354,0.2831858407079646,0.2831858407079646,71.68141592920354,"dominancia","16","080"
"16-082","AMÉRICA MÓVIL",70.12711864406779,5756.493677732691,0.7012711864406779,0.2894597457627119,0.2960028337425489,70.12711864406779,"dominancia","16","082"
"16-083","AMÉRICA MÓVIL",55.94405594405594,5046.173407012568,0.5594405594405594,0.4377622377622378,0.439331018631718,55.94405594405594,"dominancia","16","083"
"16-084","AMÉRICA MÓVIL",81.0727496917386,6931.031546810882,0.8107274969173859,0.18927250308261406,0.18927250308261406,81.0727496917386,"dominancia","16","084"
"16-085","MEGACABLE-MCM",50.51546391752577,4948.325969683439,0.5051546391752577,0.48951297547102735,0.4922208718371069,50.51546391752577,"dominancia","16","085"
"16-086","MEGACABLE-MCM",77.0935960591133,6455.585020869226,0.770935960591133,0.22629310344827588,0.22843315666783953,77.0935960591133,"dominancia","16","086"
"16-087","MEGACABLE-MCM",84.88949030221019,7434.553067096038,0.8488949030221019,0.15110509697789806,0.1511050969778981,84.88949030221019,"dominancia","16","087"
"16-088","MEGACABLE-MCM",88.05878408582923,7858.621793648455,0.8805878408582923,0.10041350022351363,0.1173239627798342,88.05878408582923,"dominancia","16","088"
"16-089","AMÉRICA MÓVIL",99.86413043478261,9972.863008034028,0.998641304347826,0.001358695652173913,0.0013586956521739468,99.86413043478261,"dominancia","16","089"
"16-091","AMÉRICA MÓVIL",85.82240161453078,7566.488914865474,0.8582240161453077,0.14177598385469223,0.14177598385469226,85.82240161453078,"dominancia","16","091"
"16-092","AMÉRICA MÓVIL",95.65217391304348,9168.241965973535,0.9565217391304348,0.043478260869565216,0.04347826086956519,95.65217391304348,"dominancia","16","092"
"16-093","AMÉRICA MÓVIL",96.01820250284413,9235.34992318554,0.9601820250284413,0.03981797497155859,0.0398179749715587,96.01820250284413,"dominancia","16","093"
"16-094","MEGACABLE-MCM",97.11111111111111,9438.913580246914,0.9711111111111111,0.028888888888888888,0.028888888888888853,97.11111111111111,"dominancia","16","094"
"16-095","AMÉRICA MÓVIL",99.51100244498778,9902.678726215172,0.9951100244498778,0.004889975550122249,0.004889975550122161,99.51100244498778,"dominancia","16","095"
"16-096","AMÉRICA MÓVIL",100,10000,1,0,0,100,"monopolio","16","096"
"16-097","AMÉRICA MÓVIL",87.12871287128714,7757.082638956967,0.8712871287128714,0.12871287128712872,0.1287128712871286,87.12871287128714,"dominancia","16","097"
"16-098","MEGACABLE-MCM",63.189655172413794,5344.764417360286,0.631896551724138,0.3676724137931035,0.3679448758917955,63.189655172413794,"dominancia","16","098"
"16-099","AMÉRICA MÓVIL",84.70824949698189,7403.252513066326,0.8470824949698189,0.15090543259557343,0.15261184815128198,84.70824949698189,"dominancia","16","099"
"16-100","MEGACABLE-MCM",77.47747747747746,6403.55069784499,0.7747747747747746,0.1991991991991992,0.21970218466714975,77.47747747747746,"dominancia","16","100"
"16-101","MEGACABLE-MCM",97.56572541382667,9524.996468287112,0.9756572541382666,0.024342745861733205,0.02434274586173335,97.56572541382667,"dominancia","16","101"
"16-102","MEGACABLE-MCM",56.55080213903743,4996.776970921541,0.5655080213903743,0.42402729116725063,0.4299999106988902,56.55080213903743,"dominancia","16","102"
"16-103","MEGACABLE-MCM",54.297150930068284,5030.482049435137,0.5429715093006828,0.4563221097245115,0.4567059039555838,54.297150930068284,"dominancia","16","103"
"16-104","MEGACABLE-MCM",74.36312171451678,6160.7226219474405,0.7436312171451678,0.25111200970481196,0.2550349271525929,74.36312171451678,"dominancia","16","104"
"16-105","MEGACABLE-MCM",64.46469248291572,5148.323223727565,0.6446469248291572,0.31207289293849655,0.3409099164076566,64.46469248291572,"dominancia","16","105"
"16-106","AMÉRICA MÓVIL",68.85863267670916,5646.776047338169,0.6885863267670916,0.3006952491309386,0.30813325171966066,68.85863267670916,"dominancia","16","106"
"16-107","AMÉRICA MÓVIL",91.60793526494388,8462.221837936013,0.9160793526494387,0.08379013312451057,0.0839097030292042,91.60793526494388,"dominancia","16","107"
"16-108","MEGACABLE-MCM",62.515561927038135,5302.844136683414,0.6251556192703813,0.37344852303165205,0.3743221255245942,62.515561927038135,"dominancia","16","108"
"16-109","AMÉRICA MÓVIL",100,10000,1,0,0,100,"monopolio","16","109"
"16-110","AMÉRICA MÓVIL",80.72330262708974,6845.7346211819895,0.8072330262708973,0.1811668372569089,0.19059813210960008,80.72330262708974,"dominancia","16","110"
"16-111","MEGACABLE-MCM",95.6135151155898,9161.18552240028,0.9561351511558981,0.04386484884410195,0.04386484884410191,95.6135151155898,"dominancia","16","111"
"16-112","MEGACABLE-MCM",62.39834718009583,5302.815607404558,0.6239834718009584,0.3754011165325949,0.3757853126065708,62.39834718009584,"dominancia","16","112"
"16-113","MEGACABLE-MCM",59.04042647712128,4062.168134563226,0.5904042647712128,0.1723678365171035,0.3405667376027753,59.04042647712128,"dominancia","16","113"
"17-001","AMÉRICA MÓVIL",99.77817213842057,9955.732842884461,0.9977817213842057,0.0022182786157941437,0.002218278615794267,99.77817213842057,"dominancia","17","001"
"17-002","GRUPO TELEVISA",55.2353896103896,5051.188411831675,0.5523538961038961,0.44724025974025977,0.4474645116956907,55.2353896103896,"dominancia","17","002"
"17-003","AMÉRICA MÓVIL",51.491468021362515,5001.922498430468,0.5149146802136252,0.48482480135469586,0.4849589800545602,51.49146802136252,"dominancia","17","003"
"17-004","AMÉRICA MÓVIL",66.32931619948066,5533.293135085243,0.6632931619948066,0.3367068380051934,0.3367068380051934,66.32931619948066,"dominancia","17","004"
"17-005","AMÉRICA MÓVIL",99.73386560212909,9946.879361702413,0.9973386560212909,0.001330671989354624,0.002658687946794247,99.73386560212909,"dominancia","17","005"
"17-006","GRUPO TELEVISA",58.904983954185205,5151.762318941031,0.5890498395418521,0.41011684189996633,0.41060805527286015,58.904983954185205,"dominancia","17","006"
"17-007","AMÉRICA MÓVIL",42.03916772983556,3173.320333592911,0.42039167729835564,0.2919412778016215,0.4542502736713594,42.03916772983556,"no dominancia","17","007"
"17-008","GRUPO TELEVISA",39.953632148377125,3446.825534287712,0.3995363214837713,0.3490937192637347,0.4811185763223019,39.953632148377125,"no dominancia","17","008"
"17-009","AMÉRICA MÓVIL",75.71813285457809,6320.669043252354,0.7571813285457809,0.24236983842010773,0.24270978713871766,75.71813285457809,"dominancia","17","009"
"17-010","AMÉRICA MÓVIL",100,10000,1,0,0,100,"monopolio","17","010"
"17-011","GRUPO TELEVISA",50.667678300455236,4046.1692501513994,0.5066767830045523,0.3611532625189681,0.43685515829612626,50.66767830045523,"dominancia","17","011"
"17-012","AMÉRICA MÓVIL",71.39677515085567,5908.312129023244,0.7139677515085567,0.28474626570382827,0.2856652428190455,71.39677515085567,"dominancia","17","012"
"17-013","AMÉRICA MÓVIL",51.22415022581412,5002.997087550722,0.5122415022581412,0.48775849774185887,0.4877584977418588,51.22415022581413,"dominancia","17","013"
"17-014","AMÉRICA MÓVIL",100,10000,1,0,0,100,"monopolio","17","014"
"17-015","AMÉRICA MÓVIL",54.06289765497182,5031.344799202115,0.5406289765497182,0.45918923832030545,0.4592875331519933,54.06289765497182,"dominancia","17","015"
"17-016","AMÉRICA MÓVIL",99.94107248084856,9988.22144107474,0.9994107248084856,5.892751915144372e-4,5.892751915144157e-4,99.94107248084856,"dominancia","17","016"
"17-017","MEGACABLE-MCM",51.315411155836685,4968.709709366787,0.5131541115583669,0.4832518688901667,0.485102613288291,51.315411155836685,"dominancia","17","017"
"17-018","GRUPO TELEVISA",41.958139018432156,3528.9774338759726,0.41958139018432156,0.35504108372196314,0.4750028140707291,41.958139018432156,"no dominancia","17","018"
"17-019","MEGACABLE-MCM",51.414381343122436,4376.309121245523,0.5141438134312244,0.4091988771323688,0.4515499300783949,51.41438134312244,"dominancia","17","019"
"17-020","AMÉRICA MÓVIL",75.65334086735415,6040.348005989195,0.7565334086735415,0.15397655036022037,0.22568298981081292,75.65334086735415,"dominancia","17","020"
"17-021","AMÉRICA MÓVIL",100.00000000000001,10000.000000000004,1.0000000000000002,0,-2.220446049250313e-16,100.00000000000003,"monopolio","17","021"
"17-022","AMÉRICA MÓVIL",99.96834441278885,9993.670886710173,0.9996834441278886,3.1655587211142766e-4,3.1655587211143477e-4,99.96834441278885,"dominancia","17","022"
"17-023","AMÉRICA MÓVIL",95.00891265597149,9051.604436945741,0.9500891265597149,0.049910873440285206,0.04991087344028511,95.00891265597149,"dominancia","17","023"
"17-024","MEGACABLE-MCM",61.96890165395662,4694.592883809655,0.6196890165395662,0.27116965435277807,0.3447592521110152,61.96890165395662,"dominancia","17","024"
"17-025","MEGACABLE-MCM",53.20976491862567,5018.49091262847,0.5320976491862567,0.4676763110307414,0.4677966118148911,53.209764918625666,"dominancia","17","025"
"17-026","AMÉRICA MÓVIL",76.94006309148264,6451.53399874613,0.7694006309148265,0.2305993690851735,0.23059936908517353,76.94006309148264,"dominancia","17","026"
"17-027","AMÉRICA MÓVIL",99.85294117647058,9970.631487889272,0.9985294117647058,0.0014705882352941176,0.0014705882352942234,99.85294117647058,"dominancia","17","027"
"17-028","GRUPO SALINAS",37.97072388209344,3374.344340000263,0.3797072388209344,0.33134148786845796,0.4828047971849327,37.97072388209344,"no dominancia","17","028"
"17-029","AMÉRICA MÓVIL",70.10262699283547,5806.303385330908,0.7010262699283547,0.2986510036790809,0.29887729543443,70.10262699283547,"dominancia","17","029"
"17-030","AMÉRICA MÓVIL",60.05431944009192,5198.011390566035,0.6005431944009192,0.3989345032905046,0.3992483047871907,60.054319440091916,"dominancia","17","030"
"17-031","MEGACABLE-MCM",50.22799817601459,4987.648019472478,0.5022799817601459,0.49646602827177383,0.4970966685754886,50.22799817601459,"dominancia","17","031"
"17-032","AMÉRICA MÓVIL",100,10000,1,0,0,100,"monopolio","17","032"
"17-033","AMÉRICA MÓVIL",73.39181286549707,6094.353818268869,0.7339181286549707,0.26608187134502925,0.26608187134502925,73.39181286549707,"dominancia","17","033"
"18-001","AMÉRICA MÓVIL",99.74093264248705,9948.292571612661,0.9974093264248706,0.0018134715025906736,0.0025889621197883184,99.74093264248705,"dominancia","18","001"
"18-002","AMÉRICA MÓVIL",96.57039711191337,9336.43081494611,0.9657039711191336,0.032490974729241874,0.03423575180179583,96.57039711191337,"dominancia","18","002"
"18-003","MEGACABLE-MCM",64.46644664466446,5414.653126478764,0.6446644664466445,0.3547854785478548,0.3551402307447467,64.46644664466446,"dominancia","18","003"
"18-004","AMÉRICA MÓVIL",76.95587690025955,6420.409704033869,0.7695587690025956,0.22308738104066245,0.2287736403153957,76.95587690025955,"dominancia","18","004"
"18-005","AMÉRICA MÓVIL",100,10000,1,0,0,100,"monopolio","18","005"
"18-006","AMÉRICA MÓVIL",99.01888643610498,9805.56889636576,0.9901888643610498,0.009075300466028943,0.009804186986961616,99.01888643610498,"dominancia","18","006"
"18-007","AMÉRICA MÓVIL",94.8905109489051,9030.315946507537,0.948905109489051,0.05109489051094891,0.051094890510948954,94.8905109489051,"dominancia","18","007"
"18-008","MEGACABLE-MCM",56.25745724512793,4117.042052715432,0.5625745724512793,0.25712581201113616,0.37481176681682327,56.25745724512793,"dominancia","18","008"
"18-009","GRUPO TELEVISA",92.85714285714286,8673.469387755104,0.9285714285714286,0.07142857142857142,0.0714285714285714,92.85714285714286,"dominancia","18","009"
"18-010","AMÉRICA MÓVIL",90.70262597586941,8308.259636797007,0.9070262597586941,0.09013484740951029,0.09271382741284484,90.70262597586941,"dominancia","18","010"
"18-011","AMÉRICA MÓVIL",100,10000,1,0,0,100,"monopolio","18","011"
"18-012","AMÉRICA MÓVIL",94.20686749526016,8896.908224364337,0.9420686749526016,0.045081103855066355,0.05726945879892037,94.20686749526016,"dominancia","18","012"
"18-013","AMÉRICA MÓVIL",99.99999999999999,9999.999999999996,0.9999999999999999,0,1.1102230246251565e-16,99.99999999999999,"monopolio","18","013"
"18-014","MEGACABLE-MCM",57.03508110147114,5089.286108129698,0.5703508110147114,0.42851754055073554,0.4291636174672561,57.03508110147114,"dominancia","18","014"
"18-015","AMÉRICA MÓVIL",99.54864593781345,9910.061377713886,0.9954864593781345,0.0035105315947843527,0.004509516513431844,99.54864593781345,"dominancia","18","015"
"18-016","AMÉRICA MÓVIL",99.8992950654582,9979.879296059324,0.998992950654582,0.0010070493454179255,0.001007049345417954,99.8992950654582,"dominancia","18","016"
"18-017","MEGACABLE-MCM",46.46249757198487,3818.971309485035,0.4646249757198487,0.3790755968292435,0.46391097002438864,46.46249757198487,"dominancia","18","017"
"18-018","AMÉRICA MÓVIL",98.51090232228329,9705.991169760511,0.9851090232228329,0.012409147314305974,0.014857099651012118,98.51090232228329,"dominancia","18","018"
"18-019","GRUPO SALINAS",50,5000,0.5,0.5,0.5,50,"no dominancia","18","019"
"18-020","AMÉRICA MÓVIL",68.0292667408939,5169.529591751773,0.680292667408939,0.2179735963098457,0.29235718767893915,68.0292667408939,"dominancia","18","020"
"19-001","GRUPO TELEVISA",78.7128712871287,6400.843054602489,0.787128712871287,0.12376237623762376,0.19787275757278705,78.7128712871287,"dominancia","19","001"
"19-002","AMÉRICA MÓVIL",74.50271247739602,6200.765837499877,0.7450271247739602,0.2549728752260398,0.25497287522603984,74.50271247739602,"dominancia","19","002"
"19-003","GRUPO TELEVISA",71.63120567375887,5935.818117800916,0.7163120567375887,0.28368794326241137,0.2836879432624113,71.63120567375887,"dominancia","19","003"
"19-004","AMÉRICA MÓVIL",55.049197307094765,4966.70727890578,0.5504919730709477,0.4399792853443811,0.44527017955830367,55.049197307094765,"dominancia","19","004"
"19-005","AMÉRICA MÓVIL",85.23375142531357,7431.372045521623,0.8523375142531358,0.12799315849486886,0.14495150520913913,85.23375142531357,"dominancia","19","005"
"19-006","GRUPO TELEVISA",42.40802132640681,3159.349667299106,0.4240802132640681,0.2954724106700388,0.4537299590925333,42.40802132640681,"no dominancia","19","006"
"19-007","AMÉRICA MÓVIL",94.11764705882354,8877.354863514036,0.9411764705882354,0.0392156862745098,0.05786236063052663,94.11764705882354,"dominancia","19","007"
"19-008","AMÉRICA MÓVIL",89.76945244956772,8157.488227624181,0.8976945244956772,0.0994236311239193,0.10201479955817255,89.76945244956772,"dominancia","19","008"
"19-009","GRUPO TELEVISA",57.80231244023298,4259.211505699499,0.5780231244023298,0.2514126749543597,0.3645488003919376,57.80231244023298,"dominancia","19","009"
"19-010","GRUPO TELEVISA",95.4665710057845,9131.341436667908,0.9546657100578451,0.04170216582216044,0.04517622633700474,95.4665710057845,"dominancia","19","010"
"19-011","AMÉRICA MÓVIL",92.97856614929785,8690.337477855728,0.9297856614929785,0.0672579453067258,0.07001112744447346,92.97856614929785,"dominancia","19","011"
"19-012","GRUPO TELEVISA",84.5558856674521,7371.74252987766,0.845558856674521,0.14890892326605878,0.1536020436637669,84.5558856674521,"dominancia","19","012"
"19-013","AMÉRICA MÓVIL",90.88848594741614,8340.498056483226,0.9088848594741614,0.08930190389845877,0.09095157112926167,90.88848594741614,"dominancia","19","013"
"19-014","AMÉRICA MÓVIL",90.68119891008173,8295.189659140684,0.9068119891008173,0.08446866485013624,0.09241348588229192,90.68119891008173,"dominancia","19","014"
"19-015","GRUPO TELEVISA",100,10000,1,0,0,100,"monopolio","19","015"
"19-016","GRUPO TELEVISA",57.467532467532465,5111.528082307303,0.5746753246753247,0.4253246753246753,0.4253246753246753,57.467532467532465,"dominancia","19","016"
"19-017","AMÉRICA MÓVIL",65.41176470588236,5434.878892733565,0.6541176470588236,0.34,0.34386505190311417,65.41176470588236,"dominancia","19","017"
"19-018","GRUPO TELEVISA",73.90568719309988,5805.560712178951,0.7390568719309988,0.14314611642089592,0.237142875348976,73.90568719309988,"dominancia","19","018"
"19-019","AMÉRICA MÓVIL",46.83886492905807,3344.7371318104724,0.46838864929058066,0.2827051690730671,0.43026714291818846,46.83886492905807,"dominancia","19","019"
"19-020","AMÉRICA MÓVIL",75.52657973921765,6303.212546365275,0.7552657973921765,0.24473420260782347,0.24473420260782353,75.52657973921765,"dominancia","19","020"
"19-021","GRUPO TELEVISA",40.57349443963325,3093.608275229563,0.4057349443963325,0.2821284726517932,0.4574878149882693,40.57349443963325,"no dominancia","19","021"
"19-022","GRUPO TELEVISA",65.22853481418197,5437.32520285,0.6522853481418197,0.3438701409653994,0.34638524922353436,65.22853481418197,"dominancia","19","022"
"19-023","AMÉRICA MÓVIL",76.99680511182109,6457.654972491298,0.7699680511182109,0.23003194888178913,0.23003194888178913,76.99680511182109,"dominancia","19","023"
"19-024","AMÉRICA MÓVIL",94.64285714285714,8977.99744897959,0.9464285714285714,0.044642857142857144,0.05313297193877553,94.64285714285714,"dominancia","19","024"
"19-025","GRUPO TELEVISA",59.275148341087,4871.692560371405,0.5927514834108699,0.3662423043708388,0.3913895522125377,59.27514834108699,"dominancia","19","025"
"19-026","GRUPO TELEVISA",34.98893254521881,2958.9782327438215,0.3498893254521881,0.34936183428889755,0.49981557559615797,34.98893254521881,"no dominancia","19","026"
"19-027","GRUPO TELEVISA",56.19469026548673,5076.748374970632,0.5619469026548672,0.4380530973451327,0.43805309734513276,56.19469026548673,"dominancia","19","027"
"19-028","AMÉRICA MÓVIL",53.14285714285714,5019.755102040816,0.5314285714285714,0.46857142857142864,0.46857142857142864,53.14285714285714,"dominancia","19","028"
"19-029","GRUPO TELEVISA",62.56410256410256,5315.7133464825765,0.6256410256410256,0.3743589743589743,0.37435897435897436,62.56410256410256,"dominancia","19","029"
"19-030","AMÉRICA MÓVIL",97.68518518518519,9546.039094650207,0.9768518518518519,0.018518518518518517,0.023051697530864168,97.68518518518519,"dominancia","19","030"
"19-031","GRUPO TELEVISA",60.41253276499842,4368.697445670852,0.6041253276499842,0.22834447955709072,0.343586894917999,60.41253276499842,"dominancia","19","031"
"19-032","AMÉRICA MÓVIL",83.00898203592816,7041.564326436948,0.8300898203592816,0.10329341317365269,0.16081020967047926,83.00898203592816,"dominancia","19","032"
"19-033","GRUPO TELEVISA",54.46647478946807,5009.067174302978,0.5446647478946808,0.45192410190811216,0.4537878531431388,54.46647478946808,"dominancia","19","033"
"19-034","GRUPO TELEVISA",86.12051455653352,7609.3831436575,0.8612051455653352,0.13879485443466485,0.13879485443466477,86.12051455653352,"dominancia","19","034"
"19-035","AMÉRICA MÓVIL",80.00000000000001,6705.785123966945,0.8000000000000002,0.17272727272727273,0.1949173553719007,80.00000000000001,"dominancia","19","035"
"19-036","GRUPO SALINAS",83.33333333333334,7222.2222222222235,0.8333333333333335,0.16666666666666663,0.16666666666666657,83.33333333333334,"dominancia","19","036"
"19-037","AMÉRICA MÓVIL",52.24358974358974,3987.302761341222,0.5224358974358974,0.3301282051282051,0.4180226824457594,52.24358974358974,"dominancia","19","037"
"19-038","GRUPO TELEVISA",53.64447750092972,4953.402833395023,0.5364447750092972,0.45555968761621424,0.4598808161731036,53.644477500929725,"dominancia","19","038"
"19-039","AMÉRICA MÓVIL",37.78847218122786,3048.3901738535906,0.3778847218122786,0.3030064750590319,0.47450803047427825,37.78847218122786,"no dominancia","19","039"
"19-040","AMÉRICA MÓVIL",96.8944099378882,9398.171366845414,0.968944099378882,0.031055900621118012,0.03105590062111796,96.8944099378882,"dominancia","19","040"
"19-041","GRUPO TELEVISA",98.44748426184503,9693.85218884971,0.9844748426184503,0.013844843091778294,0.015500481965806723,98.44748426184503,"dominancia","19","041"
"19-042","GRUPO TELEVISA",79.41680960548885,6723.69508869072,0.7941680960548885,0.2041166380789022,0.20548031857459348,79.41680960548885,"dominancia","19","042"
"19-043","GRUPO TELEVISA",40,3422.222222222222,0.4,0.33333333333333326,0.4755555555555555,40,"no dominancia","19","043"
"19-044","AMÉRICA MÓVIL",65.36693029244068,5465.298684897643,0.6536693029244068,0.34531910980320035,0.3459808650047974,65.36693029244068,"dominancia","19","044"
"19-045","GRUPO TELEVISA",93.13095418115833,8717.49668416112,0.9313095418115833,0.06638439437471647,0.06853471257359833,93.13095418115833,"dominancia","19","045"
"19-046","GRUPO TELEVISA",40.07384772090654,3221.375059323501,0.4007384772090654,0.35466428995840765,0.4825977157279304,40.07384772090654,"no dominancia","19","046"
"19-047","AMÉRICA MÓVIL",39.13942904426976,3348.076281490457,0.39139429044269763,0.3094745552337609,0.4712925048729957,39.13942904426976,"no dominancia","19","047"
"19-048","GRUPO TELEVISA",39.67567332565267,2957.7535672947274,0.39675673325652666,0.25957002804164947,0.454980347036576,39.67567332565267,"no dominancia","19","048"
"19-049","AMÉRICA MÓVIL",71.54424148205726,5879.425495486872,0.7154424148205726,0.27574815390594637,0.2820895977291227,71.54424148205726,"dominancia","19","049"
"19-050","AMÉRICA MÓVIL",66.46706586826348,5502.886442683495,0.6646706586826348,0.32934131736526945,0.3333393094051418,66.46706586826348,"dominancia","19","050"
"19-051","AMÉRICA MÓVIL",90.6344410876133,8302.315605005431,0.9063444108761329,0.09365558912386707,0.09365558912386707,90.6344410876133,"dominancia","19","051"
"20-002","AMÉRICA MÓVIL",99.30875576036865,9862.706789271379,0.9930875576036865,0.0069124423963133645,0.006912442396313501,99.30875576036865,"dominancia","20","002"
"20-003","GRUPO TELEVISA",100,10000,1,0,0,100,"monopolio","20","003"
"20-005","AMÉRICA MÓVIL",95.82753824756607,9200.326523664262,0.9582753824756607,0.041724617524339355,0.041724617524339314,95.82753824756607,"dominancia","20","005"
"20-006","AMÉRICA MÓVIL",98.72692552514323,9748.626542265709,0.9872692552514323,0.01273074474856779,0.01273074474856778,98.72692552514323,"dominancia","20","006"
"20-007","GRUPO TELEVISA",100,10000,1,0,0,100,"monopolio","20","007"
"20-008","GRUPO TELEVISA",100,10000,1,0,0,100,"monopolio","20","008"
"20-009","AMÉRICA MÓVIL",100,10000,1,0,0,100,"monopolio","20","009"
"20-010","AMÉRICA MÓVIL",100,10000,1,0,0,100,"monopolio","20","010"
"20-011","GRUPO TELEVISA",100,10000,1,0,0,100,"monopolio","20","011"
"20-013","GRUPO TELEVISA",100,10000,1,0,0,100,"monopolio","20","013"
"20-014","MEGACABLE-MCM",62.02949165696547,5199.5323244684605,0.6202949165696547,0.3674815677143966,0.37513845954383784,62.029491656965476,"dominancia","20","014"
"20-015","GRUPO TELEVISA",100,10000,1,0,0,100,"monopolio","20","015"
"20-016","GRUPO TELEVISA",100,10000,1,0,0,100,"monopolio","20","016"
"20-017","GRUPO TELEVISA",100,10000,1,0,0,100,"monopolio","20","017"
"20-019","GRUPO TELEVISA",100,10000,1,0,0,100,"monopolio","20","019"
"20-020","GRUPO SALINAS",100,10000,1,0,0,100,"monopolio","20","020"
"20-021","AMÉRICA MÓVIL",50,5000,0.5,0.5,0.5,50,"no dominancia","20","021"
"20-023","AMÉRICA MÓVIL",77.32634338138925,6493.458085195192,0.7732634338138925,0.22673656618610746,0.2267365661861075,77.32634338138925,"dominancia","20","023"
"20-024","GRUPO TELEVISA",100,10000,1,0,0,100,"monopolio","20","024"
"20-025","AMÉRICA MÓVIL",95.37149817295982,9117.145692917791,0.9537149817295982,0.04628501827040195,0.04628501827040177,95.37149817295982,"dominancia","20","025"
"20-026","GRUPO SALINAS",100,10000,1,0,0,100,"monopolio","20","026"
"20-028","AMÉRICA MÓVIL",99.03381642512078,9808.630306424888,0.9903381642512078,0.00966183574879227,0.009661835748792202,99.03381642512078,"dominancia","20","028"
"20-030","MEGACABLE-MCM",58.38866755201416,5111.4904897649085,0.5838866755201416,0.4125719344842851,0.41464597563707106,58.38866755201416,"dominancia","20","030"
"20-033","AMÉRICA MÓVIL",94.15584415584416,8899.477146230394,0.9415584415584416,0.05844155844155843,0.058441558441558406,94.15584415584416,"dominancia","20","033"
"20-036","GRUPO TELEVISA",100,10000,1,0,0,100,"monopolio","20","036"
"20-039","AMÉRICA MÓVIL",76.00465572163685,6348.381308279455,0.7600465572163685,0.23909580985052684,0.23974801857581235,76.00465572163685,"dominancia","20","039"
"20-041","AMÉRICA MÓVIL",99.22178988326847,9845.266393132368,0.9922178988326847,0.0038910505836575876,0.007759390755348372,99.22178988326847,"dominancia","20","041"
"20-042","AMÉRICA MÓVIL",96.84210526315789,9383.933518005539,0.9684210526315788,0.021052631578947368,0.0313019390581718,96.84210526315789,"dominancia","20","042"
"20-043","MEGACABLE-MCM",63.51257789060697,5332.382287615951,0.6351257789060697,0.36033541041618583,0.3632284264843797,63.51257789060697,"dominancia","20","043"
"20-044","AMÉRICA MÓVIL",58.54004252303331,5139.995610071921,0.5854004252303331,0.41389085754783844,0.4143059920509152,58.54004252303331,"dominancia","20","044"
"20-045","GRUPO TELEVISA",99.55752212389382,9911.89599812045,0.9955752212389382,0.004424778761061947,0.004424778761061843,99.55752212389382,"dominancia","20","045"
"20-046","GRUPO TELEVISA",100,10000,1,0,0,100,"monopolio","20","046"
"20-049","GRUPO TELEVISA",66.66666666666666,5555.555555555555,0.6666666666666665,0.33333333333333326,0.33333333333333337,66.66666666666666,"dominancia","20","049"
"20-052","AMÉRICA MÓVIL",100,10000,1,0,0,100,"monopolio","20","052"
"20-055","AMÉRICA MÓVIL",100,10000,1,0,0,100,"monopolio","20","055"
"20-057","AMÉRICA MÓVIL",67.81068364240244,5623.794553128679,0.6781068364240244,0.32023249377248825,0.32135998423137413,67.81068364240244,"dominancia","20","057"
"20-059","AMÉRICA MÓVIL",99.1139750302054,9824.232083848785,0.9911397503020539,0.008054772452678213,0.008853437365223316,99.1139750302054,"dominancia","20","059"
"20-063","GRUPO TELEVISA",100,10000,1,0,0,100,"monopolio","20","063"
"20-064","AMÉRICA MÓVIL",100,10000,1,0,0,100,"monopolio","20","064"
"20-066","AMÉRICA MÓVIL",96.05734767025089,9239.989208771725,0.9605734767025089,0.035842293906810034,0.039291632944078336,96.05734767025089,"dominancia","20","066"
"20-067","AMÉRICA MÓVIL",61.80189104007204,4773.982605155934,0.6180189104007204,0.2981900045024764,0.3534849525861466,61.80189104007204,"dominancia","20","067"
"20-068","AMÉRICA MÓVIL",98.08587687532334,9624.50310973751,0.9808587687532334,0.019141231246766685,0.019141231246766588,98.08587687532334,"dominancia","20","068"
"20-070","AMÉRICA MÓVIL",100,10000,1,0,0,100,"monopolio","20","070"
"20-072","GRUPO TELEVISA",100,10000,1,0,0,100,"monopolio","20","072"
"20-073","AMÉRICA MÓVIL",99.91189427312774,9982.39049855421,0.9991189427312774,4.405286343612335e-4,8.80766170506031e-4,99.91189427312774,"dominancia","20","073"
"20-077","GRUPO TELEVISA",91.30434782608697,8412.09829867675,0.9130434782608696,0.08695652173913043,0.08695652173913038,91.30434782608697,"dominancia","20","077"
"20-078","GRUPO TELEVISA",100,10000,1,0,0,100,"monopolio","20","078"
"20-079","MEGACABLE-MCM",60.57902289885818,5095.546730357051,0.6057902289885818,0.37730080489174517,0.3876870479169602,60.579022898858184,"dominancia","20","079"
"20-083","AMÉRICA MÓVIL",70.01845018450184,5794.13141917397,0.7001845018450185,0.2985854858548585,0.2994474778696126,70.01845018450184,"dominancia","20","083"
"20-084","AMÉRICA MÓVIL",87.24160206718346,7773.873849060888,0.8724160206718347,0.12758397932816537,0.12758397932816534,87.24160206718346,"dominancia","20","084"
"20-087","GRUPO TELEVISA",99.99999999999999,9999.999999999996,0.9999999999999999,0,1.1102230246251565e-16,99.99999999999999,"monopolio","20","087"
"20-090","AMÉRICA MÓVIL",98.79518072289156,9761.939323559296,0.9879518072289156,0.012048192771084338,0.012048192771084376,98.79518072289156,"dominancia","20","090"
"20-091","GRUPO TELEVISA",87.48806112702961,7810.7094541278175,0.8748806112702961,0.1251193887297039,0.12511938872970385,87.48806112702961,"dominancia","20","091"
"20-096","AMÉRICA MÓVIL",100,10000,1,0,0,100,"monopolio","20","096"
"20-102","GRUPO TELEVISA",100,10000,1,0,0,100,"monopolio","20","102"
"20-103","GRUPO TELEVISA",100,10000,1,0,0,100,"monopolio","20","103"
"20-104","GRUPO TELEVISA",100,10000,1,0,0,100,"monopolio","20","104"
"20-107","GRUPO TELEVISA",99.8849582973828,9977.018128663241,0.998849582973828,0.0011504170261719873,0.0011504170261720237,99.8849582973828,"dominancia","20","107"
"20-108","GRUPO TELEVISA",100,10000,1,0,0,100,"monopolio","20","108"
"20-115","AMÉRICA MÓVIL",70.20267356619232,5813.72991473589,0.7020267356619232,0.2975420439844761,0.297844865177162,70.20267356619232,"dominancia","20","115"
"20-118","GRUPO TELEVISA",100,10000,1,0,0,100,"monopolio","20","118"
"20-123","GRUPO SALINAS",100,10000,1,0,0,100,"monopolio","20","123"
"20-124","GRUPO TELEVISA",100,10000,1,0,0,100,"monopolio","20","124"
"20-129","GRUPO SALINAS",100,10000,1,0,0,100,"monopolio","20","129"
"20-131","GRUPO TELEVISA",100,10000,1,0,0,100,"monopolio","20","131"
"20-132","GRUPO TELEVISA",87.5,7812.5,0.875,0.125,0.125,87.5,"dominancia","20","132"
"20-134","AMÉRICA MÓVIL",100,10000,1,0,0,100,"monopolio","20","134"
"20-135","GRUPO TELEVISA",100,10000,1,0,0,100,"monopolio","20","135"
"20-136","AMÉRICA MÓVIL",100,10000,1,0,0,100,"monopolio","20","136"
"20-137","GRUPO TELEVISA",100,10000,1,0,0,100,"monopolio","20","137"
"20-141","GRUPO TELEVISA",100,10000,1,0,0,100,"monopolio","20","141"
"20-143","AMÉRICA MÓVIL",99.82142857142857,9964.349489795917,0.9982142857142857,0.0017857142857142857,0.0017857142857142794,99.82142857142857,"dominancia","20","143"
"20-145","GRUPO TELEVISA",100,10000,1,0,0,100,"monopolio","20","145"
"20-156","AMÉRICA MÓVIL",100,10000,1,0,0,100,"monopolio","20","156"
"20-157","GRUPO TELEVISA",99.71936389148738,9944.030291548277,0.9971936389148738,0.002806361085126286,0.002806361085126219,99.71936389148738,"dominancia","20","157"
"20-166","AMÉRICA MÓVIL",100,10000,1,0,0,100,"monopolio","20","166"
"20-174","GRUPO TELEVISA",92.23367697594502,8567.366941816937,0.9223367697594501,0.07766323024054982,0.07766323024054989,92.23367697594502,"dominancia","20","174"
"20-176","GRUPO SALINAS",100,10000,1,0,0,100,"monopolio","20","176"
"20-177","AMÉRICA MÓVIL",99.88151658767774,9976.331394173538,0.9988151658767773,0.001184834123222749,0.0011848341232226778,99.88151658767774,"dominancia","20","177"
"20-178","GRUPO TELEVISA",66.97416974169741,5576.244876839911,0.6697416974169741,0.33025830258302585,0.3302583025830259,66.97416974169741,"dominancia","20","178"
"20-184","AMÉRICA MÓVIL",71.7551971456657,5938.592937592093,0.7175519714566571,0.2810281428623439,0.2820479926696614,71.7551971456657,"dominancia","20","184"
"20-185","AMÉRICA MÓVIL",100,10000,1,0,0,100,"monopolio","20","185"
"20-188","AMÉRICA MÓVIL",100.00000000000001,10000.000000000004,1.0000000000000002,0,-2.220446049250313e-16,100.00000000000003,"monopolio","20","188"
"20-190","AMÉRICA MÓVIL",100,10000,1,0,0,100,"monopolio","20","190"
"20-192","GRUPO TELEVISA",100,10000,1,0,0,100,"monopolio","20","192"
"20-193","GRUPO TELEVISA",100,10000,1,0,0,100,"monopolio","20","193"
"20-198","GRUPO SALINAS",100,10000,1,0,0,100,"monopolio","20","198"
"20-210","GRUPO SALINAS",100,10000,1,0,0,100,"monopolio","20","210"
"20-227","AMÉRICA MÓVIL",60.20045263498222,5195.283113240593,0.6020045263498222,0.39637892014225673,0.3973533992937339,60.20045263498221,"dominancia","20","227"
"20-232","AMÉRICA MÓVIL",98.8888888888889,9780.24691358025,0.988888888888889,0.011111111111111112,0.01111111111111096,98.8888888888889,"dominancia","20","232"
"20-235","GRUPO TELEVISA",100,10000,1,0,0,100,"monopolio","20","235"
"20-238","GRUPO TELEVISA",100,10000,1,0,0,100,"monopolio","20","238"
"20-242","AMÉRICA MÓVIL",99.16666666666667,9834.722222222224,0.9916666666666667,0.008333333333333333,0.008333333333333304,99.16666666666667,"dominancia","20","242"
"20-243","GRUPO TELEVISA",100,10000,1,0,0,100,"monopolio","20","243"
"20-248","GRUPO TELEVISA",100,10000,1,0,0,100,"monopolio","20","248"
"20-262","GRUPO SALINAS",100,10000,1,0,0,100,"monopolio","20","262"
"20-266","GRUPO TELEVISA",100,10000,1,0,0,100,"monopolio","20","266"
"20-268","GRUPO TELEVISA",100,10000,1,0,0,100,"monopolio","20","268"
"20-273","GRUPO TELEVISA",100,10000,1,0,0,100,"monopolio","20","273"
"20-277","GRUPO TELEVISA",100,10000,1,0,0,100,"monopolio","20","277"
"20-278","AMÉRICA MÓVIL",100.00000000000001,10000.000000000004,1.0000000000000002,0,-2.220446049250313e-16,100.00000000000003,"monopolio","20","278"
"20-289","GRUPO TELEVISA",100,10000,1,0,0,100,"monopolio","20","289"
"20-293","GRUPO TELEVISA",99.34738955823292,9870.14826373768,0.9934738955823292,0.004518072289156626,0.006515015886840614,99.34738955823292,"dominancia","20","293"
"20-294","AMÉRICA MÓVIL",99.82425307557118,9964.912389077128,0.9982425307557118,0.0017574692442882249,0.0017574692442882123,99.82425307557118,"dominancia","20","294"
"20-295","AMÉRICA MÓVIL",94.12650602409639,8894.297067789228,0.9412650602409639,0.058734939759036146,0.0587349397590361,94.12650602409639,"dominancia","20","295"
"20-298","AMÉRICA MÓVIL",98.42995169082127,9690.920441550563,0.9842995169082127,0.01570048309178744,0.015700483091787287,98.42995169082127,"dominancia","20","298"
"20-300","AMÉRICA MÓVIL",100,10000,1,0,0,100,"monopolio","20","300"
"20-301","GRUPO TELEVISA",100,10000,1,0,0,100,"monopolio","20","301"
"20-305","AMÉRICA MÓVIL",100,10000,1,0,0,100,"monopolio","20","305"
"20-308","GRUPO TELEVISA",100,10000,1,0,0,100,"monopolio","20","308"
"20-309","AMÉRICA MÓVIL",100,10000,1,0,0,100,"monopolio","20","309"
"20-310","AMÉRICA MÓVIL",95.85798816568047,9203.634326529182,0.9585798816568046,0.038461538461538464,0.041301950211827365,95.85798816568047,"dominancia","20","310"
"20-312","AMÉRICA MÓVIL",100,10000,1,0,0,100,"monopolio","20","312"
"20-314","GRUPO SALINAS",100,10000,1,0,0,100,"monopolio","20","314"
"20-315","GRUPO TELEVISA",100,10000,1,0,0,100,"monopolio","20","315"
"20-318","AMÉRICA MÓVIL",100,10000,1,0,0,100,"monopolio","20","318"
"20-319","GRUPO TELEVISA",100,10000,1,0,0,100,"monopolio","20","319"
"20-324","AMÉRICA MÓVIL",82.83079990032394,7148.956894329659,0.8283079990032394,0.16969847994019435,0.17135171644063107,82.83079990032394,"dominancia","20","324"
"20-327","AMÉRICA MÓVIL",95.57416267942584,9154.008607861542,0.9557416267942584,0.044258373205741636,0.04425837320574155,95.57416267942584,"dominancia","20","327"
"20-333","GRUPO SALINAS",100,10000,1,0,0,100,"monopolio","20","333"
"20-334","AMÉRICA MÓVIL",99.94526546250684,9989.059084240556,0.9994526546250684,5.473453749315818e-4,5.473453749316182e-4,99.94526546250684,"dominancia","20","334"
"20-337","GRUPO SALINAS",100,10000,1,0,0,100,"monopolio","20","337"
"20-338","AMÉRICA MÓVIL",69.01456146291906,5721.010815222433,0.6901456146291907,0.309515746698273,0.30974951403114304,69.01456146291906,"dominancia","20","338"
"20-339","AMÉRICA MÓVIL",99.57081545064376,9914.531488883566,0.9957081545064377,0.004291845493562232,0.0042918454935623185,99.57081545064376,"dominancia","20","339"
"20-342","GRUPO TELEVISA",86.92307692307693,7726.627218934913,0.8692307692307694,0.13076923076923078,0.13076923076923064,86.92307692307693,"dominancia","20","342"
"20-348","GRUPO SALINAS",100,10000,1,0,0,100,"monopolio","20","348"
"20-350","GRUPO TELEVISA",100,10000,1,0,0,100,"monopolio","20","350"
"20-352","GRUPO TELEVISA",100,10000,1,0,0,100,"monopolio","20","352"
"20-356","GRUPO TELEVISA",100,10000,1,0,0,100,"monopolio","20","356"
"20-360","AMÉRICA MÓVIL",88.8888888888889,8024.691358024694,0.888888888888889,0.1111111111111111,0.11111111111111105,88.8888888888889,"dominancia","20","360"
"20-364","AMÉRICA MÓVIL",100,10000,1,0,0,100,"monopolio","20","364"
"20-368","GRUPO TELEVISA",100,10000,1,0,0,100,"monopolio","20","368"
"20-369","GRUPO TELEVISA",100,10000,1,0,0,100,"monopolio","20","369"
"20-373","GRUPO TELEVISA",100,10000,1,0,0,100,"monopolio","20","373"
"20-375","AMÉRICA MÓVIL",66.05576990529639,5510.23021576361,0.6605576990529639,0.33865310417397404,0.3391747255942612,66.05576990529639,"dominancia","20","375"
"20-380","AMÉRICA MÓVIL",100,10000,1,0,0,100,"monopolio","20","380"
"20-381","GRUPO SALINAS",100,10000,1,0,0,100,"monopolio","20","381"
"20-384","AMÉRICA MÓVIL",100,10000,1,0,0,100,"monopolio","20","384"
"20-385","GRUPO TELEVISA",50.39865072063784,4987.1707517924815,0.5039865072063784,0.49468465705816206,0.4953552552413333,50.39865072063784,"dominancia","20","385"
"20-386","GRUPO TELEVISA",100,10000,1,0,0,100,"monopolio","20","386"
"20-387","AMÉRICA MÓVIL",99.42528735632183,9885.718060509973,0.9942528735632183,0.005747126436781609,0.005747126436781658,99.42528735632183,"dominancia","20","387"
"20-390","GRUPO TELEVISA",99.8700876908087,9974.0512925779,0.9987008769080871,0.0012991230919129587,0.0012991230919129348,99.8700876908087,"dominancia","20","390"
"20-393","GRUPO TELEVISA",100,10000,1,0,0,100,"monopolio","20","393"
"20-397","AMÉRICA MÓVIL",99.84905660377359,9969.845496618016,0.9984905660377359,7.547169811320754e-4,0.0015085795656817336,99.84905660377359,"dominancia","20","397"
"20-398","AMÉRICA MÓVIL",100,10000,1,0,0,100,"monopolio","20","398"
"20-399","AMÉRICA MÓVIL",53.19876838864181,5018.863686718371,0.53198768388641815,0.4678412589804995,0.4679322738988116,53.19876838864182,"dominancia","20","399"
"20-401","AMÉRICA MÓVIL",93.33333333333333,8735.8024691358,0.9333333333333332,0.044444444444444446,0.06543209876543216,93.33333333333333,"dominancia","20","401"
"20-403","GRUPO TELEVISA",99.45054945054946,9890.713681922476,0.9945054945054946,0.005494505494505495,0.005494505494505364,99.45054945054946,"dominancia","20","403"
"20-404","GRUPO TELEVISA",100,10000,1,0,0,100,"monopolio","20","404"
"20-405","GRUPO SALINAS",100,10000,1,0,0,100,"monopolio","20","405"
"20-409","AMÉRICA MÓVIL",53.51598173515982,5024.724255123956,0.5351598173515982,0.4648401826484019,0.4648401826484018,53.515981735159826,"dominancia","20","409"
"20-413","AMÉRICA MÓVIL",62.56512031753907,5102.20226115107,0.6256512031753907,0.34350450673943606,0.3632779590577446,62.56512031753907,"dominancia","20","413"
"20-414","AMÉRICA MÓVIL",100,10000,1,0,0,100,"monopolio","20","414"
"20-417","AMÉRICA MÓVIL",100,10000,1,0,0,100,"monopolio","20","417"
"20-418","AMÉRICA MÓVIL",100,10000,1,0,0,100,"monopolio","20","418"
"20-420","GRUPO SALINAS",100,10000,1,0,0,100,"monopolio","20","420"
"20-421","AMÉRICA MÓVIL",90,8200,0.9,0.1,0.09999999999999998,90,"dominancia","20","421"
"20-427","AMÉRICA MÓVIL",100,10000,1,0,0,100,"monopolio","20","427"
"20-431","AMÉRICA MÓVIL",100,10000,1,0,0,100,"monopolio","20","431"
"20-437","AMÉRICA MÓVIL",100,10000,1,0,0,100,"monopolio","20","437"
"20-439","AMÉRICA MÓVIL",96.66666666666666,9355.555555555555,0.9666666666666666,0.03333333333333333,0.03333333333333344,96.66666666666666,"dominancia","20","439"
"20-441","GRUPO TELEVISA",100,10000,1,0,0,100,"monopolio","20","441"
"20-447","AMÉRICA MÓVIL",100,10000,1,0,0,100,"monopolio","20","447"
"20-452","AMÉRICA MÓVIL",92.85714285714285,8673.4693877551,0.9285714285714285,0.07142857142857142,0.07142857142857145,92.85714285714285,"dominancia","20","452"
"20-459","AMÉRICA MÓVIL",91.48936170212765,8442.734268899954,0.9148936170212765,0.0851063829787234,0.08510638297872353,91.48936170212765,"dominancia","20","459"
"20-461","GRUPO SALINAS",100,10000,1,0,0,100,"monopolio","20","461"
"20-462","AMÉRICA MÓVIL",95.49549549549549,9133.187241295347,0.9549549549549549,0.036036036036036036,0.04467981495008533,95.49549549549549,"dominancia","20","462"
"20-467","AMÉRICA MÓVIL",100,10000,1,0,0,100,"monopolio","20","467"
"20-469","AMÉRICA MÓVIL",99.89924433249371,9979.864094055543,0.9989924433249371,5.037783375314861e-4,0.0010071759861428609,99.89924433249371,"dominancia","20","469"
"20-472","GRUPO SALINAS",100,10000,1,0,0,100,"monopolio","20","472"
"20-475","AMÉRICA MÓVIL",96.81978798586572,9382.187316610269,0.9681978798586571,0.028268551236749116,0.031695988213113035,96.81978798586572,"dominancia","20","475"
"20-482","AMÉRICA MÓVIL",99.87958025116119,9975.937949574633,0.9987958025116118,6.881128505074832e-4,0.0012037091922401655,99.87958025116119,"dominancia","20","482"
"20-483","AMÉRICA MÓVIL",81.81818181818183,7024.793388429754,0.8181818181818182,0.18181818181818182,0.18181818181818177,81.81818181818183,"dominancia","20","483"
"20-505","AMÉRICA MÓVIL",95.98540145985402,9229.314294847889,0.9598540145985401,0.040145985401459854,0.04014598540145986,95.98540145985402,"dominancia","20","505"
"20-508","GRUPO SALINAS",100,10000,1,0,0,100,"monopolio","20","508"
"20-515","MEGACABLE-MCM",72.12551042338276,5932.013339794181,0.7212551042338277,0.2700408338706211,0.2763565632870954,72.12551042338276,"dominancia","20","515"
"20-519","AMÉRICA MÓVIL",97.46835443037975,9506.489344656306,0.9746835443037974,0.025316455696202535,0.025316455696202556,97.46835443037975,"dominancia","20","519"
"20-520","AMÉRICA MÓVIL",100,10000,1,0,0,100,"monopolio","20","520"
"20-523","AMÉRICA MÓVIL",99.58333333333334,9917.01388888889,0.9958333333333335,0.004166666666666667,0.004166666666666541,99.58333333333334,"dominancia","20","523"
"20-525","AMÉRICA MÓVIL",98.9389920424403,9790.04988426007,0.989389920424403,0.010610079575596816,0.010610079575597009,98.9389920424403,"dominancia","20","525"
"20-530","GRUPO TELEVISA",100,10000,1,0,0,100,"monopolio","20","530"
"20-531","GRUPO TELEVISA",100,10000,1,0,0,100,"monopolio","20","531"
"20-533","GRUPO SALINAS",100,10000,1,0,0,100,"monopolio","20","533"
"20-537","AMÉRICA MÓVIL",100,10000,1,0,0,100,"monopolio","20","537"
"20-539","AMÉRICA MÓVIL",99.0783410138249,9817.367113338574,0.990783410138249,0.009216589861751152,0.009216589861751001,99.0783410138249,"dominancia","20","539"
"20-540","AMÉRICA MÓVIL",100,10000,1,0,0,100,"monopolio","20","540"
"20-545","AMÉRICA MÓVIL",99.85611510791367,9971.264427307075,0.9985611510791367,0.0014388489208633094,0.0014388489208633226,99.85611510791367,"dominancia","20","545"
"20-546","AMÉRICA MÓVIL",99.65095986038395,9930.435630114916,0.9965095986038395,0.0034904013961605585,0.003490401396160525,99.65095986038395,"dominancia","20","546"
"20-549","AMÉRICA MÓVIL",100,10000,1,0,0,100,"monopolio","20","549"
"20-550","AMÉRICA MÓVIL",94.0677966101695,8883.941396150532,0.940677966101695,0.059322033898305086,0.05932203389830504,94.0677966101695,"dominancia","20","550"
"20-551","GRUPO TELEVISA",61.407208588957054,5260.248815583951,0.6140720858895705,0.3859279141104295,0.3859279141104295,61.407208588957054,"dominancia","20","551"
"20-553","AMÉRICA MÓVIL",57.68115942028986,5093.635790800253,0.5768115942028986,0.4202898550724638,0.4219659735349716,57.68115942028986,"dominancia","20","553"
"20-555","GRUPO TELEVISA",100,10000,1,0,0,100,"monopolio","20","555"
"20-557","MEGACABLE-MCM",83.91148325358851,7291.462177491358,0.8391148325358851,0.15819377990430625,0.16045578490934276,83.91148325358851,"dominancia","20","557"
"20-559","AMÉRICA MÓVIL",100,10000,1,0,0,100,"monopolio","20","559"
"20-560","AMÉRICA MÓVIL",50,5000,0.5,0.5,0.5,50,"no dominancia","20","560"
"20-565","AMÉRICA MÓVIL",51.05941005400914,4998.181629574038,0.5105941005400915,0.4889904445367677,0.4892026596709603,51.05941005400915,"dominancia","20","565"
"20-570","AMÉRICA MÓVIL",89.33130699088146,8093.903419221921,0.8933130699088145,0.10668693009118542,0.1066869300911854,89.33130699088146,"dominancia","20","570"
"21-001","AMÉRICA MÓVIL",98.6247174076865,9728.484936076355,0.986247174076865,0.01281085154483798,0.013740314771350903,98.6247174076865,"dominancia","21","001"
"21-003","AMÉRICA MÓVIL",99.4553706505295,9891.584977604647,0.9945537065052951,0.0045385779122541605,0.00544176178302247,99.4553706505295,"dominancia","21","003"
"21-004","MEGACABLE-MCM",65.58024134431037,5476.203107183129,0.6558024134431036,0.34284425397541446,0.34373268850307953,65.58024134431037,"dominancia","21","004"
"21-006","GRUPO SALINAS",100,10000,1,0,0,100,"monopolio","21","006"
"21-007","GRUPO TELEVISA",100,10000,1,0,0,100,"monopolio","21","007"
"21-008","AMÉRICA MÓVIL",99.54128440366974,9908.67772073058,0.9954128440366974,0.0045871559633027525,0.004587155963302614,99.54128440366974,"dominancia","21","008"
"21-009","GRUPO TELEVISA",100,10000,1,0,0,100,"monopolio","21","009"
"21-010","MEGACABLE-MCM",61.20267834148854,5239.0578556169985,0.6120267834148855,0.38642801957249545,0.38737491534677493,61.20267834148855,"dominancia","21","010"
"21-011","AMÉRICA MÓVIL",100.00000000000001,10000.000000000004,1.0000000000000002,0,-2.220446049250313e-16,100.00000000000003,"monopolio","21","011"
"21-012","GRUPO TELEVISA",66.66666666666666,5555.555555555555,0.6666666666666665,0.33333333333333326,0.33333333333333337,66.66666666666666,"dominancia","21","012"
"21-013","AMÉRICA MÓVIL",97.94238683127571,9596.944910159358,0.9794238683127571,0.0205761316872428,0.020576131687242927,97.94238683127571,"dominancia","21","013"
"21-014","AMÉRICA MÓVIL",100,10000,1,0,0,100,"monopolio","21","014"
"21-015","AMÉRICA MÓVIL",68.08519665662523,5594.366617078048,0.6808519665662522,0.3095591667020238,0.31613373865605915,68.08519665662523,"dominancia","21","015"
"21-016","AMÉRICA MÓVIL",100,10000,1,0,0,100,"monopolio","21","016"
"21-017","AMÉRICA MÓVIL",100,10000,1,0,0,100,"monopolio","21","017"
"21-019","AMÉRICA MÓVIL",68.01865035596109,5143.92065988175,0.6801865035596109,0.1841973327985561,0.2856374888927268,68.01865035596109,"dominancia","21","019"
"21-020","AMÉRICA MÓVIL",100,10000,1,0,0,100,"monopolio","21","020"
"21-022","AMÉRICA MÓVIL",99.81447124304266,9962.963090447847,0.9981447124304266,0.001855287569573284,0.0018552875695734272,99.81447124304266,"dominancia","21","022"
"21-023","AMÉRICA MÓVIL",97.57575757575756,9526.905417814505,0.9757575757575756,0.024242424242424242,0.0242424242424244,97.57575757575756,"dominancia","21","023"
"21-025","AMÉRICA MÓVIL",100,10000,1,0,0,100,"monopolio","21","025"
"21-026","AMÉRICA MÓVIL",99.05063291139241,9811.929178016346,0.9905063291139241,0.00949367088607595,0.009493670886075889,99.05063291139241,"dominancia","21","026"
"21-029","AMÉRICA MÓVIL",100,10000,1,0,0,100,"monopolio","21","029"
"21-031","AMÉRICA MÓVIL",66.66666666666667,5555.555555555557,0.6666666666666667,0.33333333333333326,0.33333333333333326,66.66666666666667,"dominancia","21","031"
"21-034","AMÉRICA MÓVIL",97.46666666666667,9503.228888888889,0.9746666666666667,0.01633333333333333,0.02514583333333331,97.46666666666667,"dominancia","21","034"
"21-035","AMÉRICA MÓVIL",98.93390191897655,9788.689813194158,0.9893390191897654,0.008528784648187633,0.01064052263810411,98.93390191897655,"dominancia","21","035"
"21-037","AMÉRICA MÓVIL",100,10000,1,0,0,100,"monopolio","21","037"
"21-038","AMÉRICA MÓVIL",98.41269841269842,9687.578735197783,0.9841269841269842,0.015873015873015872,0.015873015873015817,98.41269841269842,"dominancia","21","038"
"21-040","GRUPO SALINAS",83.33333333333334,7222.2222222222235,0.8333333333333335,0.16666666666666663,0.16666666666666657,83.33333333333334,"dominancia","21","040"
"21-041","MEGACABLE-MCM",45.17318327350344,3582.037777666221,0.4517318327350344,0.32672940719899096,0.4513452284112255,45.17318327350344,"dominancia","21","041"
"21-042","AMÉRICA MÓVIL",77.77777777777777,6543.209876543209,0.7777777777777777,0.2222222222222222,0.22222222222222232,77.77777777777777,"dominancia","21","042"
"21-043","AMÉRICA MÓVIL",99.94469026548673,9988.94417143081,0.9994469026548672,5.530973451327434e-4,5.530973451327581e-4,99.94469026548673,"dominancia","21","043"
"21-044","AMÉRICA MÓVIL",100,10000,1,0,0,100,"monopolio","21","044"
"21-045","MEGACABLE-MCM",54.337431693989075,5006.639890150497,0.5433743169398908,0.4532103825136612,0.4550720012541431,54.33743169398908,"dominancia","21","045"
"21-046","GRUPO SALINAS",50,5000,0.5,0.5,0.5,50,"no dominancia","21","046"
"21-047","AMÉRICA MÓVIL",99.84763839512443,9969.574107142167,0.9984763839512444,0.0015236160487557139,0.001523616048755616,99.84763839512443,"dominancia","21","047"
"21-048","AMÉRICA MÓVIL",99.87912973408541,9975.855166059448,0.9987912973408541,0.0012087026591458502,0.001208702659145855,99.87912973408541,"dominancia","21","048"
"21-050","GRUPO TELEVISA",100,10000,1,0,0,100,"monopolio","21","050"
"21-051","AMÉRICA MÓVIL",99.95737425404944,9991.478484718324,0.9995737425404944,4.2625745950554135e-4,4.262574595056412e-4,99.95737425404944,"dominancia","21","051"
"21-053","AMÉRICA MÓVIL",99.84193888303477,9968.429107032107,0.9984193888303478,0.0012293642430628731,0.0015801176720384724,99.84193888303477,"dominancia","21","053"
"21-054","AMÉRICA MÓVIL",75.57770729497054,6013.549177976979,0.7557770729497054,0.13502492070684186,0.22351637260773233,75.57770729497054,"dominancia","21","054"
"21-055","AMÉRICA MÓVIL",99.99999999999999,9999.999999999996,0.9999999999999999,0,1.1102230246251565e-16,99.99999999999999,"monopolio","21","055"
"21-056","AMÉRICA MÓVIL",99.47643979057592,9895.836188700969,0.9947643979057592,0.005235602094240838,0.005235602094240788,99.47643979057592,"dominancia","21","056"
"21-058","AMÉRICA MÓVIL",99.99999999999999,9999.999999999996,0.9999999999999999,0,1.1102230246251565e-16,99.99999999999999,"monopolio","21","058"
"21-059","AMÉRICA MÓVIL",100,10000,1,0,0,100,"monopolio","21","059"
"21-060","AMÉRICA MÓVIL",98.93778452200303,9789.813507843997,0.9893778452200302,0.01062215477996965,0.01062215477996975,98.93778452200303,"dominancia","21","060"
"21-062","AMÉRICA MÓVIL",99.89615784008308,9979.25313440497,0.9989615784008308,0.0010384215991692627,0.0010384215991692258,99.89615784008308,"dominancia","21","062"
"21-063","AMÉRICA MÓVIL",99.63008631319359,9926.230118849786,0.9963008631319359,0.002466091245376079,0.0036953358642950462,99.63008631319359,"dominancia","21","063"
"21-064","GRUPO TELEVISA",100,10000,1,0,0,100,"monopolio","21","064"
"21-065","AMÉRICA MÓVIL",99.92836676217765,9985.68361507705,0.9992836676217765,7.163323782234957e-4,7.163323782235498e-4,99.92836676217765,"dominancia","21","065"
"21-066","AMÉRICA MÓVIL",97.97979797979798,9604.122028364452,0.9797979797979798,0.020202020202020204,0.02020202020202022,97.97979797979798,"dominancia","21","066"
"21-067","AMÉRICA MÓVIL",100,10000,1,0,0,100,"monopolio","21","067"
"21-069","AMÉRICA MÓVIL",98.43941248470013,9692.659729224004,0.9843941248470013,0.015299877600979193,0.015601146610655703,98.43941248470013,"dominancia","21","069"
"21-071","AMÉRICA MÓVIL",99.37862807619982,9876.35410226254,0.9937862807619982,0.004823808355817186,0.0062060486481443355,99.37862807619982,"dominancia","21","071"
"21-072","AMÉRICA MÓVIL",96.42857142857143,9311.224489795917,0.9642857142857143,0.03571428571428571,0.0357142857142857,96.42857142857143,"dominancia","21","072"
"21-073","AMÉRICA MÓVIL",99.81900452488688,9963.866423701398,0.9981900452488688,0.0018099547511312216,0.0018099547511312153,99.81900452488688,"dominancia","21","073"
"21-074","AMÉRICA MÓVIL",61.08096651123357,5173.33560232465,0.6108096651123357,0.3797371767698178,0.3855559382132341,61.08096651123357,"dominancia","21","074"
"21-075","AMÉRICA MÓVIL",99.90118577075098,9980.256682654,0.9990118577075099,9.881422924901185e-4,9.881422924901129e-4,99.90118577075098,"dominancia","21","075"
"21-076","AMÉRICA MÓVIL",99.92937853107344,9985.885680998435,0.9992937853107344,7.062146892655367e-4,7.062146892655718e-4,99.92937853107344,"dominancia","21","076"
"21-082","AMÉRICA MÓVIL",99.90485252140817,9980.988610367,0.9990485252140817,9.514747859181732e-4,9.514747859182826e-4,99.90485252140817,"dominancia","21","082"
"21-083","GRUPO TELEVISA",100,10000,1,0,0,100,"monopolio","21","083"
"21-084","AMÉRICA MÓVIL",84.72222222222223,7411.265432098767,0.8472222222222223,0.1527777777777778,0.15277777777777773,84.72222222222223,"dominancia","21","084"
"21-085","AMÉRICA MÓVIL",99.88234371323242,9976.489168764718,0.9988234371323241,7.059377206055377e-4,0.001176119891617755,99.88234371323242,"dominancia","21","085"
"21-086","AMÉRICA MÓVIL",85,7450,0.85,0.15,0.15000000000000002,85,"dominancia","21","086"
"21-087","AMÉRICA MÓVIL",100,10000,1,0,0,100,"monopolio","21","087"
"21-090","GRUPO TELEVISA",73.41772151898735,6096.779362281686,0.7341772151898734,0.26582278481012656,0.26582278481012656,73.41772151898735,"dominancia","21","090"
"21-091","AMÉRICA MÓVIL",100,10000,1,0,0,100,"monopolio","21","091"
"21-093","GRUPO SALINAS",100,10000,1,0,0,100,"monopolio","21","093"
"21-094","AMÉRICA MÓVIL",100,10000,1,0,0,100,"monopolio","21","094"
"21-095","TELEWEB",100,10000,1,0,0,100,"monopolio","21","095"
"21-096","GRUPO TELEVISA",100,10000,1,0,0,100,"monopolio","21","096"
"21-099","AMÉRICA MÓVIL",98.9010989010989,9782.634947470113,0.989010989010989,0.01098901098901099,0.01098901098901095,98.9010989010989,"dominancia","21","099"
"21-102","AMÉRICA MÓVIL",99.81851179673322,9963.768235282492,0.9981851179673322,0.0018148820326678765,0.001814882032667775,99.81851179673322,"dominancia","21","102"
"21-103","AMÉRICA MÓVIL",100,10000,1,0,0,100,"monopolio","21","103"
"21-104","AMÉRICA MÓVIL",94.66666666666666,8990.22222222222,0.9466666666666665,0.05333333333333333,0.053333333333333455,94.66666666666666,"dominancia","21","104"
"21-105","AMÉRICA MÓVIL",100,10000,1,0,0,100,"monopolio","21","105"
"21-106","AMÉRICA MÓVIL",94.26961014560827,8916.044751834526,0.9426961014560827,0.054015969938938466,0.05712089265397363,94.26961014560827,"dominancia","21","106"
"21-107","GRUPO TELEVISA",100,10000,1,0,0,100,"monopolio","21","107"
"21-108","AMÉRICA MÓVIL",99.93036211699165,9986.08212226783,0.9993036211699164,6.963788300835655e-4,6.963788300835549e-4,99.93036211699165,"dominancia","21","108"
"21-109","AMÉRICA MÓVIL",100,10000,1,0,0,100,"monopolio","21","109"
"21-110","AMÉRICA MÓVIL",100,10000,1,0,0,100,"monopolio","21","110"
"21-111","AMÉRICA MÓVIL",99.68503937007875,9937.20627441255,0.9968503937007875,0.0031496062992125984,0.0031496062992124596,99.68503937007875,"dominancia","21","111"
"21-112","AMÉRICA MÓVIL",100,10000,1,0,0,100,"monopolio","21","112"
"21-113","GRUPO TELEVISA",100,10000,1,0,0,100,"monopolio","21","113"
"21-114","AMÉRICA MÓVIL",41.557411622469,3408.7198126537382,0.41557411622469,0.2938563839609384,0.45682486415933315,41.557411622469,"no dominancia","21","114"
"21-115","AMÉRICA MÓVIL",100.00000000000001,10000.000000000004,1.0000000000000002,0,-2.220446049250313e-16,100.00000000000003,"monopolio","21","115"
"21-117","AMÉRICA MÓVIL",99.96854356715949,9993.710692446231,0.9996854356715948,3.1456432840515884e-4,3.145643284051536e-4,99.96854356715949,"dominancia","21","117"
"21-118","AMÉRICA MÓVIL",100,10000,1,0,0,100,"monopolio","21","118"
"21-119","GRUPO SALINAS",45.81287451473711,3544.2086611130594,0.4581287451473711,0.27558874054836396,0.4330336033933643,45.81287451473711,"dominancia","21","119"
"21-122","AMÉRICA MÓVIL",99.77897838899804,9955.893378904668,0.9977897838899804,0.0022102161100196463,0.0022102161100195916,99.77897838899804,"dominancia","21","122"
"21-124","AMÉRICA MÓVIL",99.8868778280543,9977.40115886243,0.998868778280543,0.0011312217194570137,0.0011312217194570096,99.8868778280543,"dominancia","21","124"
"21-125","AMÉRICA MÓVIL",72.28831350594821,5974.390328108005,0.7228831350594821,0.2736179146256123,0.27615336812532176,72.28831350594821,"dominancia","21","125"
"21-126","GRUPO TELEVISA",100,10000,1,0,0,100,"monopolio","21","126"
"21-128","MEGACABLE-MCM",93.1062017567208,8713.96372764983,0.931062017567208,0.06720787862656374,0.06882020919658155,93.1062017567208,"dominancia","21","128"
"21-129","AMÉRICA MÓVIL",99.99999999999999,9999.999999999996,0.9999999999999999,0,1.1102230246251565e-16,99.99999999999999,"monopolio","21","129"
"21-130","AMÉRICA MÓVIL",100,10000,1,0,0,100,"monopolio","21","130"
"21-132","AMÉRICA MÓVIL",68.78746857474377,5224.870932620133,0.6878746857474377,0.17623007431555102,0.27894272790056424,68.78746857474377,"dominancia","21","132"
"21-133","AMÉRICA MÓVIL",100,10000,1,0,0,100,"monopolio","21","133"
"21-134","AMÉRICA MÓVIL",99.08350305498982,9818.38054429839,0.9908350305498982,0.009164969450101833,0.009164969450101812,99.08350305498982,"dominancia","21","134"
"21-136","AMÉRICA MÓVIL",98.6007462686567,9723.938899253728,0.986007462686567,0.013526119402985072,0.013986119716250967,98.6007462686567,"dominancia","21","136"
"21-138","AMÉRICA MÓVIL",99.6996996996997,9940.120300480663,0.9969969969969971,0.003003003003003003,0.0030030030030029353,99.6996996996997,"dominancia","21","138"
"21-139","AMÉRICA MÓVIL",100,10000,1,0,0,100,"monopolio","21","139"
"21-140","AMÉRICA MÓVIL",64.99337309476473,4909.138485728974,0.6499337309476474,0.23514468743096972,0.3164395847017398,64.99337309476473,"dominancia","21","140"
"21-142","MEGACABLE-MCM",59.255507723474295,5086.922711263982,0.592555077234743,0.3968093188148899,0.4031680579708324,59.255507723474295,"dominancia","21","142"
"21-143","AMÉRICA MÓVIL",99.20055613486271,9841.36226462098,0.992005561348627,0.007820646506777894,0.007993064382589676,99.20055613486271,"dominancia","21","143"
"21-144","AMÉRICA MÓVIL",99.9436936936937,9988.745079539001,0.999436936936937,5.630630630630631e-4,5.63063063062974e-4,99.9436936936937,"dominancia","21","144"
"21-147","AMÉRICA MÓVIL",100,10000,1,0,0,100,"monopolio","21","147"
"21-148","AMÉRICA MÓVIL",83.89553862894451,7294.333979428367,0.8389553862894451,0.15995647442872687,0.16086996676379794,83.89553862894451,"dominancia","21","148"
"21-149","AMÉRICA MÓVIL",99.49727691663176,9899.960844323454,0.9949727691663176,0.005027230833682447,0.0050272308336823945,99.49727691663176,"dominancia","21","149"
"21-151","AMÉRICA MÓVIL",100,10000,1,0,0,100,"monopolio","21","151"
"21-152","GRUPO SALINAS",50,5000,0.5,0.5,0.5,50,"no dominancia","21","152"
"21-153","MEGACABLE-MCM",52.544910179640716,4994.073728789925,0.5254491017964071,0.4725548902195609,0.4736056828458851,52.544910179640716,"dominancia","21","153"
"21-154","MEGACABLE-MCM",52.79238861386139,5006.84448158422,0.527923886138614,0.47114789603960394,0.4716383551934246,52.7923886138614,"dominancia","21","154"
"21-155","AMÉRICA MÓVIL",99.87789987789988,9975.609792459609,0.9987789987789988,0.001221001221001221,0.0012210012210012167,99.87789987789988,"dominancia","21","155"
"21-156","AMÉRICA MÓVIL",59.24883283394885,4592.148935319878,0.5924883283394885,0.3163124520939308,0.37450557406557683,59.24883283394885,"dominancia","21","156"
"21-157","AMÉRICA MÓVIL",100,10000,1,0,0,100,"monopolio","21","157"
"21-158","GRUPO TELEVISA",100,10000,1,0,0,100,"monopolio","21","158"
"21-159","AMÉRICA MÓVIL",99.99999999999999,9999.999999999996,0.9999999999999999,0,1.1102230246251565e-16,99.99999999999999,"monopolio","21","159"
"21-160","AMÉRICA MÓVIL",100,10000,1,0,0,100,"monopolio","21","160"
"21-161","AMÉRICA MÓVIL",98.54721549636804,9713.664264901594,0.9854721549636803,0.014527845036319613,0.014527845036319653,98.54721549636804,"dominancia","21","161"
"21-163","AMÉRICA MÓVIL",99.53216374269006,9906.788413528948,0.9953216374269006,0.003508771929824561,0.004673574775144462,99.53216374269006,"dominancia","21","163"
"21-164","AMÉRICA MÓVIL",50.45553935860058,4995.0030121377995,0.5045553935860059,0.4948979591836735,0.4951739224037178,50.45553935860059,"dominancia","21","164"
"21-166","AMÉRICA MÓVIL",100.00000000000001,10000.000000000004,1.0000000000000002,0,-2.220446049250313e-16,100.00000000000003,"monopolio","21","166"
"21-168","AMÉRICA MÓVIL",100,10000,1,0,0,100,"monopolio","21","168"
"21-169","AMÉRICA MÓVIL",100,10000,1,0,0,100,"monopolio","21","169"
"21-170","AMÉRICA MÓVIL",100.00000000000001,10000.000000000004,1.0000000000000002,0,-2.220446049250313e-16,100.00000000000003,"monopolio","21","170"
"21-172","AMÉRICA MÓVIL",100,10000,1,0,0,100,"monopolio","21","172"
"21-173","AMÉRICA MÓVIL",100,10000,1,0,0,100,"monopolio","21","173"
"21-174","AMÉRICA MÓVIL",56.15066638158363,3907.85714056773,0.5615066638158364,0.22674791533033997,0.3680624417985322,56.15066638158363,"dominancia","21","174"
"21-175","AMÉRICA MÓVIL",55.52367288378767,5061.0219242541825,0.5552367288378767,0.44476327116212333,0.44476327116212333,55.52367288378767,"dominancia","21","175"
"21-176","AMÉRICA MÓVIL",99.88938053097344,9977.900579528543,0.9988938053097344,0.0011061946902654867,0.0011061946902656272,99.88938053097344,"dominancia","21","176"
"21-177","MEGACABLE-MCM",61.40888208269525,5257.373202723207,0.6140888208269525,0.38552833078101073,0.3857635069850778,61.40888208269525,"dominancia","21","177"
"21-179","AMÉRICA MÓVIL",99.90196078431372,9980.411380238367,0.9990196078431371,9.80392156862745e-4,9.803921568628526e-4,99.90196078431372,"dominancia","21","179"
"21-180","AMÉRICA MÓVIL",96.74568099638408,9370.317383631407,0.9674568099638408,0.0325431900361591,0.03254319003615924,96.74568099638408,"dominancia","21","180"
"21-181","AMÉRICA MÓVIL",99.0979381443299,9821.215060048891,0.990979381443299,0.00902061855670103,0.009020618556700999,99.0979381443299,"dominancia","21","181"
"21-183","AMÉRICA MÓVIL",100,10000,1,0,0,100,"monopolio","21","183"
"21-185","AMÉRICA MÓVIL",99.59758551307847,9919.840977454263,0.9959758551307847,0.004024144869215292,0.004024144869215318,99.59758551307847,"dominancia","21","185"
"21-186","AMÉRICA MÓVIL",99.97269251774988,9994.53999494715,0.9997269251774987,2.7307482250136535e-4,2.730748225012736e-4,99.97269251774988,"dominancia","21","186"
"21-188","AMÉRICA MÓVIL",93.11562224183584,8716.714095080662,0.9311562224183584,0.06796116504854369,0.06878340470316402,93.11562224183584,"dominancia","21","188"
"21-189","AMÉRICA MÓVIL",100.00000000000001,10000.000000000004,1.0000000000000002,0,-2.220446049250313e-16,100.00000000000003,"monopolio","21","189"
"21-191","AMÉRICA MÓVIL",99.81515711645102,9963.099757073402,0.9981515711645101,0.0018484288354898336,0.001848428835489857,99.81515711645102,"dominancia","21","191"
"21-194","AMÉRICA MÓVIL",99.09352199867345,9820.347804468469,0.9909352199867345,0.009064780013265532,0.009064780013265494,99.09352199867345,"dominancia","21","194"
"21-195","AMÉRICA MÓVIL",83.33333333333333,7222.222222222221,0.8333333333333333,0.16666666666666663,0.16666666666666674,83.33333333333333,"dominancia","21","195"
"21-197","AMÉRICA MÓVIL",97.25269195934386,9463.763503369,0.9725269195934386,0.02364898862835866,0.027375332664620777,97.25269195934386,"dominancia","21","197"
"21-199","AMÉRICA MÓVIL",100,10000,1,0,0,100,"monopolio","21","199"
"21-201","AMÉRICA MÓVIL",100,10000,1,0,0,100,"monopolio","21","201"
"21-205","AMÉRICA MÓVIL",100,10000,1,0,0,100,"monopolio","21","205"
"21-207","AMÉRICA MÓVIL",99.95098039215686,9990.200884275278,0.9995098039215686,4.901960784313725e-4,4.901960784313708e-4,99.95098039215686,"dominancia","21","207"
"21-208","AMÉRICA MÓVIL",99.95624398354774,9991.25170688479,0.9995624398354773,2.6253609871357313e-4,4.374988976754146e-4,99.95624398354774,"dominancia","21","208"
"21-209","AMÉRICA MÓVIL",100,10000,1,0,0,100,"monopolio","21","209"
"21-210","AMÉRICA MÓVIL",99.99999999999999,9999.999999999996,0.9999999999999999,0,1.1102230246251565e-16,99.99999999999999,"monopolio","21","210"
"21-211","AMÉRICA MÓVIL",85.53191489361703,7523.282305226302,0.8553191489361702,0.14407294832826747,0.14459308395155257,85.53191489361703,"dominancia","21","211"
"21-212","AMÉRICA MÓVIL",100,10000,1,0,0,100,"monopolio","21","212"
"21-214","AMÉRICA MÓVIL",100,10000,1,0,0,100,"monopolio","21","214"
"21-217","AMÉRICA MÓVIL",100,10000,1,0,0,100,"monopolio","21","217"
"22-001","AMÉRICA MÓVIL",95.7057256990679,9177.743035916601,0.957057256990679,0.04260985352862849,0.04292850322960429,95.7057256990679,"dominancia","22","001"
"22-002","AMÉRICA MÓVIL",98.20359281437125,9647.172720427407,0.9820359281437124,0.017964071856287425,0.017964071856287567,98.20359281437125,"dominancia","22","002"
"22-003","MEGACABLE-MCM",76.53359298928919,6403.51218180215,0.7653359298928919,0.2336903602726388,0.23443604944966911,76.53359298928919,"dominancia","22","003"
"22-004","AMÉRICA MÓVIL",94.95136637332098,9041.250677657063,0.9495136637332098,0.05048633626679018,0.05048633626679022,94.95136637332098,"dominancia","22","004"
"22-005","MEGACABLE-MCM",73.44508160564624,5988.331265278137,0.7344508160564623,0.243052492280547,0.25982825639889096,73.44508160564624,"dominancia","22","005"
"22-006","MEGACABLE-MCM",34.62169702937798,2653.421854574302,0.3462169702937798,0.2614967996061054,0.4742571928424158,34.62169702937798,"no dominancia","22","006"
"22-007","AMÉRICA MÓVIL",56.31762652705061,4936.196315281318,0.563176265270506,0.41972076788830714,0.4294990086163574,56.3176265270506,"dominancia","22","007"
"22-008","AMÉRICA MÓVIL",51.81305398871878,4142.736648267202,0.5181305398871878,0.36502820306204675,0.43239316633345903,51.813053988718785,"dominancia","22","008"
"22-009","AMÉRICA MÓVIL",100.00000000000001,10000.000000000004,1.0000000000000002,0,-2.220446049250313e-16,100.00000000000003,"monopolio","22","009"
"22-010","AMÉRICA MÓVIL",98.1651376146789,9638.077602895379,0.981651376146789,0.009174311926605505,0.018222371854221042,98.1651376146789,"dominancia","22","010"
"22-011","GRUPO TELEVISA",49.26898084815322,4678.560840365877,0.4926898084815322,0.47323871409028734,0.4906058165661299,49.26898084815322,"dominancia","22","011"
"22-012","AMÉRICA MÓVIL",97.85487288135594,9578.65157506823,0.9785487288135595,0.01694915254237288,0.021364829554635756,97.85487288135594,"dominancia","22","012"
"22-013","AMÉRICA MÓVIL",100,10000,1,0,0,100,"monopolio","22","013"
"22-014","AMÉRICA MÓVIL",38.87200807852912,2957.646429961269,0.3887200807852912,0.29956514223851677,0.4693179866193298,38.87200807852912,"no dominancia","22","014"
"22-015","AMÉRICA MÓVIL",100,10000,1,0,0,100,"monopolio","22","015"
"22-016","AMÉRICA MÓVIL",42.19291931156338,3004.8754531523095,0.4219291931156338,0.2746548000785289,0.4487055076014834,42.19291931156338,"no dominancia","22","016"
"22-017","AMÉRICA MÓVIL",45.84779088595882,3683.6465555588193,0.4584779088595882,0.37468193384223913,0.4650922793177496,45.84779088595882,"no dominancia","22","017"
"22-018","AMÉRICA MÓVIL",99.88726042841036,9977.477506104076,0.9988726042841036,0.0011273957158962795,0.0011273957158963732,99.88726042841036,"dominancia","22","018"
"23-001","AMÉRICA MÓVIL",63.679464928247896,5365.6735785725705,0.636794649282479,0.36202006519070395,0.3627755511229431,63.679464928247896,"dominancia","23","001"
"23-002","AMÉRICA MÓVIL",99.33147632311977,9867.021515972097,0.9933147632311977,0.005013927576601671,0.006675460308346481,99.33147632311977,"dominancia","23","002"
"23-003","GRUPO TELEVISA",70.56659308314937,5792.839687860536,0.7056659308314938,0.2850134903115035,0.2916341418616335,70.56659308314937,"dominancia","23","003"
"23-004","GRUPO TELEVISA",46.57611373073404,4153.816704093943,0.4657611373073404,0.4379618551622211,0.48743857477565355,46.57611373073404,"no dominancia","23","004"
"23-005","AMÉRICA MÓVIL",49.35207739945173,3718.9605400668006,0.4935207739945173,0.26641187565384056,0.413706266562625,49.35207739945173,"dominancia","23","005"
"23-006","AMÉRICA MÓVIL",99.82876712328768,9965.81206605367,0.9982876712328768,0.0017123287671232876,0.001712328767123239,99.82876712328768,"dominancia","23","006"
"23-007","AMÉRICA MÓVIL",86.87258687258688,7709.336473815239,0.8687258687258688,0.1274131274131274,0.13077473502183923,86.87258687258688,"dominancia","23","007"
"23-008","GRUPO TELEVISA",43.804742576372576,3965.7525936198795,0.43804742576372574,0.4371055135848983,0.49958784139404544,43.804742576372576,"no dominancia","23","008"
"23-009","AMÉRICA MÓVIL",77.34557896632451,6452.150881535887,0.7734557896632451,0.21651959901554715,0.2243234390971296,77.34557896632451,"dominancia","23","009"
"23-010","GRUPO TELEVISA",81.25,6953.125,0.8125,0.1875,0.1875,81.25,"dominancia","23","010"
"23-011","GRUPO TELEVISA",77.86259541984732,6552.6484470601945,0.7786259541984732,0.22137404580152673,0.22137404580152675,77.86259541984732,"dominancia","23","011"
"24-001","AMÉRICA MÓVIL",97.38805970149254,9491.256404544443,0.9738805970149254,0.026119402985074626,0.026119402985074647,97.38805970149254,"dominancia","24","001"
"24-003","AMÉRICA MÓVIL",99.65517241379311,9931.272294887041,0.9965517241379311,0.003448275862068966,0.0034482758620688614,99.65517241379311,"dominancia","24","003"
"24-004","GRUPO TELEVISA",100,10000,1,0,0,100,"monopolio","24","004"
"24-005","AMÉRICA MÓVIL",99.94689325544344,9989.384291741322,0.9994689325544344,5.310674455655868e-4,5.310674455656361e-4,99.94689325544344,"dominancia","24","005"
"24-006","AMÉRICA MÓVIL",99.26108374384238,9853.308743235702,0.9926108374384238,0.007389162561576354,0.007389162561576179,99.26108374384238,"dominancia","24","006"
"24-007","AMÉRICA MÓVIL",64.1502808988764,5397.945828336068,0.641502808988764,0.35814606741573035,0.3583713758324391,64.1502808988764,"dominancia","24","007"
"24-008","AMÉRICA MÓVIL",99.76415094339623,9952.941438234247,0.9976415094339623,0.0023584905660377358,0.002358490566037652,99.76415094339623,"dominancia","24","008"
"24-009","GRUPO TELEVISA",97.14285714285714,9444.897959183672,0.9714285714285714,0.02857142857142857,0.02857142857142858,97.14285714285714,"dominancia","24","009"
"24-010","AMÉRICA MÓVIL",99.88290398126465,9976.601363469335,0.9988290398126465,5.85480093676815e-4,0.001170446006943382,99.88290398126465,"dominancia","24","010"
"24-011","AMÉRICA MÓVIL",100,10000,1,0,0,100,"monopolio","24","011"
"24-012","AMÉRICA MÓVIL",100,10000,1,0,0,100,"monopolio","24","012"
"24-013","GRUPO TELEVISA",60.92746983458968,5230.102002193298,0.6092746983458968,0.3896065844498308,0.39028881630108986,60.92746983458967,"dominancia","24","013"
"24-014","AMÉRICA MÓVIL",99.39024390243902,9878.79238548483,0.9939024390243902,0.006097560975609756,0.0060975609756097615,99.39024390243902,"dominancia","24","014"
"24-015","AMÉRICA MÓVIL",99.92205767731879,9984.423685475089,0.9992205767731879,7.79423226812159e-4,7.79423226812126e-4,99.92205767731879,"dominancia","24","015"
"24-016","AMÉRICA MÓVIL",98.70689655172414,9744.723543400714,0.9870689655172414,0.01293103448275862,0.012931034482758563,98.70689655172414,"dominancia","24","016"
"24-017","AMÉRICA MÓVIL",90.3225806451613,8251.821019771072,0.903225806451613,0.0967741935483871,0.09677419354838701,90.3225806451613,"dominancia","24","017"
"24-018","AMÉRICA MÓVIL",100,10000,1,0,0,100,"monopolio","24","018"
"24-020","GRUPO TELEVISA",50.14931520955618,4987.75491108121,0.5014931520955618,0.49727113582535265,0.49789160046314707,50.14931520955618,"dominancia","24","020"
"24-021","AMÉRICA MÓVIL",94.54177897574124,8964.489142043432,0.9454177897574124,0.05121293800539083,0.0544039839146766,94.54177897574124,"dominancia","24","021"
"24-022","AMÉRICA MÓVIL",99.836867862969,9967.426796782065,0.99836867862969,0.0016313213703099511,0.0016313213703099683,99.836867862969,"dominancia","24","022"
"24-023","AMÉRICA MÓVIL",100,10000,1,0,0,100,"monopolio","24","023"
"24-024","AMÉRICA MÓVIL",99.94672349493872,9989.349587319175,0.9994672349493873,4.439708755105665e-4,5.327216863822981e-4,99.94672349493872,"dominancia","24","024"
"24-025","AMÉRICA MÓVIL",99.93069993069993,9986.147189889394,0.9993069993069993,3.4650034650034645e-4,6.928205992655645e-4,99.93069993069993,"dominancia","24","025"
"24-027","AMÉRICA MÓVIL",100,10000,1,0,0,100,"monopolio","24","027"
"24-028","AMÉRICA MÓVIL",37.853534850687325,2776.7041260090814,0.37853534850687326,0.26534113914388313,0.4635584550264768,37.853534850687325,"no dominancia","24","028"
"24-029","AMÉRICA MÓVIL",100,10000,1,0,0,100,"monopolio","24","029"
"24-030","GRUPO SALINAS",50,5000,0.5,0.5,0.5,50,"no dominancia","24","030"
"24-032","MEGACABLE-MCM",57.73016792125072,5104.877437905884,0.5773016792125072,0.42096120440069484,0.4219655533944515,57.73016792125072,"dominancia","24","032"
"24-033","GRUPO TELEVISA",100,10000,1,0,0,100,"monopolio","24","033"
"24-034","GRUPO TELEVISA",100,10000,1,0,0,100,"monopolio","24","034"
"24-035","GRUPO SALINAS",55.24455664247397,4090.8375264038723,0.5524455664247396,0.26699274218996527,0.38304451025988295,55.24455664247397,"dominancia","24","035"
"24-036","AMÉRICA MÓVIL",100,10000,1,0,0,100,"monopolio","24","036"
"24-037","AMÉRICA MÓVIL",99.94978659302033,9989.962361376549,0.9994978659302034,5.021340697966357e-4,5.021340697966004e-4,99.94978659302033,"dominancia","24","037"
"24-038","AMÉRICA MÓVIL",100,10000,1,0,0,100,"monopolio","24","038"
"24-039","AMÉRICA MÓVIL",100,10000,1,0,0,100,"monopolio","24","039"
"24-040","GRUPO TELEVISA",64.68493150684931,5429.360855695251,0.6468493150684931,0.3528767123287671,0.3530539688496904,64.68493150684931,"dominancia","24","040"
"24-041","AMÉRICA MÓVIL",100,10000,1,0,0,100,"monopolio","24","041"
"24-042","AMÉRICA MÓVIL",100,10000,1,0,0,100,"monopolio","24","042"
"24-043","AMÉRICA MÓVIL",100,10000,1,0,0,100,"monopolio","24","043"
"24-044","AMÉRICA MÓVIL",100,10000,1,0,0,100,"monopolio","24","044"
"24-045","AMÉRICA MÓVIL",99.83388704318936,9966.832595666714,0.9983388704318936,0.0016611295681063123,0.0016611295681063787,99.83388704318936,"dominancia","24","045"
"24-046","AMÉRICA MÓVIL",97.02127659574468,9422.000905387053,0.9702127659574468,0.029787234042553193,0.029787234042553234,97.02127659574468,"dominancia","24","046"
"24-047","GRUPO TELEVISA",100,10000,1,0,0,100,"monopolio","24","047"
"24-048","AMÉRICA MÓVIL",31.596925704526047,2165.199261107274,0.31596925704526047,0.1707941929974381,0.4646670424819561,31.596925704526047,"no dominancia","24","048"
"24-049","AMÉRICA MÓVIL",100,10000,1,0,0,100,"monopolio","24","049"
"24-050","AMÉRICA MÓVIL",91.41323792486583,8417.583789094375,0.9141323792486582,0.0778175313059034,0.08520878069386628,91.41323792486583,"dominancia","24","050"
"24-051","AMÉRICA MÓVIL",99.15014164305948,9831.151842964793,0.9915014164305949,0.0056657223796034,0.008478520813103407,99.15014164305948,"dominancia","24","051"
"24-053","AMÉRICA MÓVIL",100,10000,1,0,0,100,"monopolio","24","053"
"24-054","AMÉRICA MÓVIL",100,10000,1,0,0,100,"monopolio","24","054"
"24-055","AMÉRICA MÓVIL",94.46428571428572,8954.145408163267,0.9446428571428572,0.055357142857142855,0.05535714285714277,94.46428571428572,"dominancia","24","055"
"24-056","AMÉRICA MÓVIL",100,10000,1,0,0,100,"monopolio","24","056"
"24-057","AMÉRICA MÓVIL",99.84101748807632,9968.254048493458,0.9984101748807632,0.001589825119236884,0.0015898251192367763,99.84101748807632,"dominancia","24","057"
"24-058","AMÉRICA MÓVIL",96.7032967032967,9360.735418427726,0.967032967032967,0.03021978021978022,0.03288023789397415,96.7032967032967,"dominancia","24","058"
"25-001","AMÉRICA MÓVIL",39.60104447583579,3480.337179903406,0.3960104447583579,0.3842130045802834,0.4953976802654482,39.60104447583579,"no dominancia","25","001"
"25-002","MEGACABLE-MCM",68.22909037644646,5468.743097338652,0.6822909037644647,0.2831404716566574,0.3073238246651122,68.22909037644646,"dominancia","25","002"
"25-003","AMÉRICA MÓVIL",96.30434782608695,9288.185255198487,0.9630434782608696,0.036956521739130437,0.036956521739130443,96.30434782608695,"dominancia","25","003"
"25-004","MEGACABLE-MCM",62.23992917220009,5212.123813045492,0.6223992917220009,0.3656485170429394,0.37315897983982615,62.23992917220009,"dominancia","25","004"
"25-005","AMÉRICA MÓVIL",99.58890030832477,9918.118067577945,0.9958890030832477,0.0041109969167523125,0.004110996916752319,99.58890030832477,"dominancia","25","005"
"25-006","MEGACABLE-MCM",46.402367593563106,3618.39672129688,0.46402367593563104,0.32950243541525365,0.44662694155788396,46.402367593563106,"dominancia","25","006"
"25-007","MEGACABLE-MCM",81.35764944275583,6935.978254286474,0.8135764944275583,0.1778115501519757,0.18485511754120687,81.35764944275583,"dominancia","25","007"
"25-008","AMÉRICA MÓVIL",99.85294117647058,9970.621107266436,0.9985294117647058,8.823529411764706e-4,0.0014698961937716915,99.85294117647058,"dominancia","25","008"
"25-009","MEGACABLE-MCM",70.93692590324557,5866.091021487696,0.7093692590324556,0.2887936313533374,0.29009850792499614,70.93692590324557,"dominancia","25","009"
"25-010","MEGACABLE-MCM",47.55188067444876,4157.963637265935,0.4755188067444876,0.4238002594033723,0.47674426215133214,47.55188067444876,"no dominancia","25","010"
"25-011","MEGACABLE-MCM",64.58010075031352,5178.399575188843,0.6458010075031352,0.3151529321742088,0.3411312146829685,64.58010075031352,"dominancia","25","011"
"25-012","AMÉRICA MÓVIL",36.79114970794284,3094.3874665869694,0.36791149707942844,0.3601997014389158,0.4971924776167289,36.79114970794284,"no dominancia","25","012"
"25-013","MEGACABLE-MCM",63.7212015164771,4952.164225316104,0.637212015164771,0.289588801399825,0.3389112608129195,63.7212015164771,"dominancia","25","013"
"25-014","MEGACABLE-MCM",64.93194555644516,5243.460484961228,0.6493194555644516,0.3189751801441153,0.3400647050867275,64.93194555644516,"dominancia","25","014"
"25-015","MEGACABLE-MCM",65.91431433791031,5382.991175239388,0.6591431433791031,0.3218221462667217,0.3345499051820172,65.91431433791031,"dominancia","25","015"
"25-016","AMÉRICA MÓVIL",99.8426435877262,9968.5658591059655,0.998426435877262,7.867820613690008e-4,0.0015726355837198946,99.8426435877262,"dominancia","25","016"
"25-017","AMÉRICA MÓVIL",83.3869670152856,7229.379132959538,0.8338696701528561,0.16613032984714401,0.16613032984714393,83.3869670152856,"dominancia","25","017"
"25-018","AMÉRICA MÓVIL",54.07633164784927,4834.6691161641365,0.5407633164784927,0.4365172819837916,0.44906118651084925,54.07633164784927,"dominancia","25","018"
"26-001","AMÉRICA MÓVIL",99.57264957264957,9914.895171305427,0.9957264957264956,0.004273504273504274,0.004273504273504369,99.57264957264957,"dominancia","26","001"
"26-002","MEGACABLE-MCM",67.38447932787972,5598.683184073697,0.6738447932787972,0.32527083793942074,0.325867156292434,67.38447932787972,"dominancia","26","002"
"26-003","AMÉRICA MÓVIL",71.35922330097088,5732.763586472703,0.7135922330097089,0.25080906148867316,0.2768456551565232,71.35922330097088,"dominancia","26","003"
"26-004","MEGACABLE-MCM",71.54667585256631,5928.518480591128,0.7154667585256631,0.2845332414743369,0.2845332414743369,71.54667585256631,"dominancia","26","004"
"26-005","AMÉRICA MÓVIL",100,10000,1,0,0,100,"monopolio","26","005"
"26-006","AMÉRICA MÓVIL",100,10000,1,0,0,100,"monopolio","26","006"
"26-009","AMÉRICA MÓVIL",100.00000000000001,10000.000000000004,1.0000000000000002,0,-2.220446049250313e-16,100.00000000000003,"monopolio","26","009"
"26-010","AMÉRICA MÓVIL",100,10000,1,0,0,100,"monopolio","26","010"
"26-012","AMÉRICA MÓVIL",71.01024890190338,5874.415045156479,0.7101024890190338,0.2884333821376281,0.289474135510162,71.01024890190338,"dominancia","26","012"
"26-013","AMÉRICA MÓVIL",100,10000,1,0,0,100,"monopolio","26","013"
"26-014","AMÉRICA MÓVIL",100,10000,1,0,0,100,"monopolio","26","014"
"26-015","GRUPO TELEVISA",100,10000,1,0,0,100,"monopolio","26","015"
"26-016","AMÉRICA MÓVIL",76.68798862828713,6424.497474047166,0.7668798862828713,0.23312011371712868,0.2331201137171287,76.68798862828713,"dominancia","26","016"
"26-017","MEGACABLE-MCM",53.373506386485374,5014.608001946921,0.5337350638648537,0.46538936959208904,0.4658570734652513,53.37350638648537,"dominancia","26","017"
"26-018","MEGACABLE-MCM",43.292682926829265,3461.020038968706,0.4329268292682926,0.32639637515159686,0.4595544771059023,43.292682926829265,"no dominancia","26","018"
"26-019","AMÉRICA MÓVIL",52.71028037383178,5011.479294810114,0.5271028037383177,0.4725573491928632,0.472736541283695,52.71028037383177,"dominancia","26","019"
"26-020","AMÉRICA MÓVIL",60.27777777777778,5178.510802469136,0.6027777777777777,0.39305555555555555,0.39557581018518523,60.27777777777777,"dominancia","26","020"
"26-021","GRUPO TELEVISA",100,10000,1,0,0,100,"monopolio","26","021"
"26-022","GRUPO SALINAS",100,10000,1,0,0,100,"monopolio","26","022"
"26-023","AMÉRICA MÓVIL",100,10000,1,0,0,100,"monopolio","26","023"
"26-024","GRUPO TELEVISA",100,10000,1,0,0,100,"monopolio","26","024"
"26-025","MEGACABLE-MCM",58.243672507429046,5118.0238501445665,0.5824367250742905,0.4154114151040066,0.4166670525417243,58.243672507429046,"dominancia","26","025"
"26-026","AMÉRICA MÓVIL",59.43396226415094,5174.674840053002,0.5943396226415094,0.40525020508613613,0.4054940708403518,59.43396226415094,"dominancia","26","026"
"26-027","AMÉRICA MÓVIL",85.99330357142857,7591.035803970025,0.8599330357142857,0.14006696428571427,0.1400669642857143,85.99330357142857,"dominancia","26","027"
"26-029","MEGACABLE-MCM",49.05670292711125,4311.553592588356,0.4905670292711125,0.43173577171685323,0.4728698831860311,49.05670292711125,"dominancia","26","029"
"26-030","MEGACABLE-MCM",45.55475301954175,3680.951145292492,0.4555475301954175,0.3569038160587457,0.4599283908250751,45.55475301954175,"no dominancia","26","030"
"26-032","AMÉRICA MÓVIL",98.14814814814815,9636.488340192045,0.9814814814814815,0.018518518518518517,0.01851851851851849,98.14814814814815,"dominancia","26","032"
"26-033","MEGACABLE-MCM",60.495229441163104,4823.506301398253,0.604952294411631,0.3360972285324852,0.3734970342566605,60.495229441163104,"dominancia","26","033"
"26-034","AMÉRICA MÓVIL",100,10000,1,0,0,100,"monopolio","26","034"
"26-035","AMÉRICA MÓVIL",99.87577639751552,9975.186142509932,0.9987577639751553,0.0012422360248447205,0.001242236024844745,99.87577639751552,"dominancia","26","035"
"26-036","AMÉRICA MÓVIL",57.21516372275591,5099.70176510021,0.5721516372275591,0.42733188720173537,0.4276275229186101,57.21516372275591,"dominancia","26","036"
"26-037","AMÉRICA MÓVIL",100,10000,1,0,0,100,"monopolio","26","037"
"26-038","AMÉRICA MÓVIL",77.61521580102414,6518.693051652789,0.7761521580102414,0.22238478419897587,0.22352140992963515,77.61521580102414,"dominancia","26","038"
"26-039","AMÉRICA MÓVIL",86.33295838020247,7640.16772931505,0.8633295838020247,0.13667041619797524,0.13667041619797526,86.33295838020247,"dominancia","26","039"
"26-040","GRUPO TELEVISA",100,10000,1,0,0,100,"monopolio","26","040"
"26-041","MEGACABLE-MCM",52.27875572703159,5005.785978736928,0.5227875572703159,0.4767301663853388,0.47698241075256453,52.27875572703159,"dominancia","26","041"
"26-042","MEGACABLE-MCM",53.43312580032676,4597.801753096659,0.5343312580032676,0.41519848103501567,0.44343994268721487,53.43312580032676,"dominancia","26","042"
"26-043","MEGACABLE-MCM",61.224602245333706,4710.729542206324,0.612246022453337,0.29726565190440113,0.35676083789610824,61.224602245333706,"dominancia","26","043"
"26-045","AMÉRICA MÓVIL",99.25925925925927,9852.94924554184,0.9925925925925927,0.007407407407407408,0.007407407407407307,99.25925925925927,"dominancia","26","045"
"26-047","AMÉRICA MÓVIL",100,10000,1,0,0,100,"monopolio","26","047"
"26-048","AMÉRICA MÓVIL",58.493433615213746,5096.664888808019,0.5849343361521374,0.4092591870932543,0.41267245230524485,58.49343361521374,"dominancia","26","048"
"26-049","GRUPO SALINAS",75,6250,0.75,0.25,0.25,75,"dominancia","26","049"
"26-050","MEGACABLE-MCM",88.61209964412812,7966.5911019364,0.8861209964412812,0.10676156583629892,0.11309380580286466,88.61209964412812,"dominancia","26","050"
"26-051","AMÉRICA MÓVIL",98.87640449438202,9777.805832596894,0.9887640449438202,0.011235955056179777,0.011235955056179803,98.87640449438202,"dominancia","26","051"
"26-052","AMÉRICA MÓVIL",99.5575221238938,9911.895998120448,0.995575221238938,0.004424778761061947,0.004424778761061954,99.5575221238938,"dominancia","26","052"
"26-053","AMÉRICA MÓVIL",99.99999999999999,9999.999999999996,0.9999999999999999,0,1.1102230246251565e-16,99.99999999999999,"monopolio","26","053"
"26-055","AMÉRICA MÓVIL",48.62069510019107,3942.1378948747756,0.4862069510019107,0.3757046534762905,0.4523783937205826,48.62069510019107,"dominancia","26","055"
"26-056","AMÉRICA MÓVIL",100,10000,1,0,0,100,"monopolio","26","056"
"26-057","AMÉRICA MÓVIL",100,10000,1,0,0,100,"monopolio","26","057"
"26-058","AMÉRICA MÓVIL",52.86278381046397,5002.47522581563,0.5286278381046396,0.4698914116485686,0.47067527376094975,52.86278381046397,"dominancia","26","058"
"26-059","AMÉRICA MÓVIL",99.42857142857142,9886.367346938772,0.9942857142857142,0.005714285714285714,0.005714285714285783,99.42857142857142,"dominancia","26","059"
"26-061","GRUPO TELEVISA",100,10000,1,0,0,100,"monopolio","26","061"
"26-062","AMÉRICA MÓVIL",100,10000,1,0,0,100,"monopolio","26","062"
"26-063","AMÉRICA MÓVIL",100,10000,1,0,0,100,"monopolio","26","063"
"26-064","AMÉRICA MÓVIL",99.99999999999999,9999.999999999996,0.9999999999999999,0,1.1102230246251565e-16,99.99999999999999,"monopolio","26","064"
"26-066","AMÉRICA MÓVIL",69.4760820045558,5758.635540496365,0.6947608200455581,0.30523917995444194,0.30523917995444194,69.4760820045558,"dominancia","26","066"
"26-067","AMÉRICA MÓVIL",100,10000,1,0,0,100,"monopolio","26","067"
"26-068","MEGACABLE-MCM",98.98682877406281,9799.418786678696,0.9898682877406282,0.010131712259371832,0.010131712259371817,98.98682877406281,"dominancia","26","068"
"26-069","AMÉRICA MÓVIL",98.0392156862745,9615.532487504805,0.9803921568627451,0.0196078431372549,0.019607843137254943,98.0392156862745,"dominancia","26","069"
"26-070","AMÉRICA MÓVIL",94.45865302642797,8952.520240668104,0.9445865302642796,0.05484512645637965,0.055382137369652695,94.45865302642797,"dominancia","26","070"
"26-071","MEGACABLE-MCM",75.28089887640449,6200.605984092917,0.7528089887640449,0.23033707865168537,0.2431668981189244,75.28089887640449,"dominancia","26","071"
"26-072","AMÉRICA MÓVIL",63.02325581395349,5339.210383991347,0.6302325581395349,0.3697674418604651,0.36976744186046506,63.0232558139535,"dominancia","26","072"
"27-001","MEGACABLE-MCM",76.84964200477326,6434.937500356,0.7684964200477326,0.2300119331742244,0.23115937088818145,76.84964200477326,"dominancia","27","001"
"27-002","AMÉRICA MÓVIL",55.50043471590037,5039.2321942178,0.5550043471590037,0.44259192962716726,0.44392889540285374,55.50043471590037,"dominancia","27","002"
"27-003","AMÉRICA MÓVIL",99.6297439062018,9926.18487995285,0.996297439062018,0.0030854674483184203,0.003700466513919587,99.6297439062018,"dominancia","27","003"
"27-004","AMÉRICA MÓVIL",56.59574003515399,3859.274191157919,0.5659574003515399,0.18689476729587212,0.3573109375149525,56.59574003515399,"dominancia","27","004"
"27-005","AMÉRICA MÓVIL",67.88335847159377,5616.639228173253,0.6788335847159377,0.3175465057817999,0.32001037379797026,67.88335847159377,"dominancia","27","005"
"27-006","AMÉRICA MÓVIL",99.31318681318682,9863.429839391378,0.9931318681318682,0.005494505494505495,0.006859641045767417,99.31318681318682,"dominancia","27","006"
"27-007","AMÉRICA MÓVIL",99.82134881643591,9964.317637655266,0.9982134881643592,8.932559178204555e-4,0.0017853149764387455,99.82134881643591,"dominancia","27","007"
"27-008","AMÉRICA MÓVIL",91.52493513980974,8446.712599450837,0.9152493513980974,0.0835975785528971,0.08465358995263494,91.52493513980974,"dominancia","27","008"
"27-009","AMÉRICA MÓVIL",99.58158995815899,9916.668125558024,0.9958158995815899,0.0041841004184100415,0.004184100418410108,99.58158995815899,"dominancia","27","009"
"27-010","AMÉRICA MÓVIL",99.10820451843043,9822.977006310077,0.9910820451843043,0.00713436385255648,0.008903639430438648,99.10820451843043,"dominancia","27","010"
"27-011","AMÉRICA MÓVIL",99.15611814345992,9832.29183357368,0.9915611814345993,0.004219409282700422,0.008412113443358349,99.15611814345992,"dominancia","27","011"
"27-012","AMÉRICA MÓVIL",99.72209356183419,9944.538851015419,0.9972209356183419,0.0018527095877721167,0.0027769190486477413,99.72209356183419,"dominancia","27","012"
"27-013","AMÉRICA MÓVIL",79.30289641629848,6707.676371997767,0.7930289641629849,0.2046146293568974,0.2064861042727219,79.30289641629848,"dominancia","27","013"
"27-014","AMÉRICA MÓVIL",74.49253159708924,6178.630872743121,0.7449253159708924,0.25086173879739565,0.25400894280905945,74.49253159708924,"dominancia","27","014"
"27-015","AMÉRICA MÓVIL",97.70992366412213,9550.66073590635,0.9770992366412213,0.017811704834605598,0.022797169292128827,97.70992366412213,"dominancia","27","015"
"27-016","AMÉRICA MÓVIL",99.77491961414792,9955.085245189775,0.9977491961414792,0.0022508038585209,0.0022508038585208334,99.77491961414792,"dominancia","27","016"
"27-017","AMÉRICA MÓVIL",53.41967403958091,5013.919503957956,0.5341967403958091,0.46478463329452857,0.46532929894861097,53.41967403958091,"dominancia","27","017"
"28-001","AMÉRICA MÓVIL",95.34555712270804,9111.165928292496,0.9534555712270805,0.045133991537376586,0.04647977544406884,95.34555712270804,"dominancia","28","001"
"28-002","AMÉRICA MÓVIL",93.83177570093457,8842.449122194077,0.9383177570093457,0.061682242990654196,0.06168224299065428,93.83177570093457,"dominancia","28","002"
"28-003","AMÉRICA MÓVIL",50.13429692179861,4936.298633118224,0.501342969217986,0.4922030492164403,0.49545953443682755,50.13429692179861,"dominancia","28","003"
"28-004","AMÉRICA MÓVIL",97.73299748110831,9556.878097062987,0.9773299748110831,0.022670025188916875,0.02267002518891692,97.73299748110831,"dominancia","28","004"
"28-005","GRUPO TELEVISA",65.625,5488.28125,0.65625,0.34375,0.34375,65.625,"dominancia","28","005"
"28-006","GRUPO TELEVISA",100,10000,1,0,0,100,"monopolio","28","006"
"28-007","AMÉRICA MÓVIL",99.71791255289139,9943.701870570003,0.997179125528914,0.0014104372355430183,0.0028178904712929387,99.71791255289139,"dominancia","28","007"
"28-008","GRUPO TELEVISA",100,10000,1,0,0,100,"monopolio","28","008"
"28-009","AMÉRICA MÓVIL",49.99103058570275,4319.867260311188,0.4999103058570275,0.4205085657906539,0.46345857000062296,49.99103058570275,"dominancia","28","009"
"28-010","GRUPO TELEVISA",100,10000,1,0,0,100,"monopolio","28","010"
"28-011","GRUPO TELEVISA",52.37226277372263,5011.255261335181,0.5237226277372263,0.4762773722627738,0.4762773722627737,52.37226277372263,"dominancia","28","011"
"28-012","AMÉRICA MÓVIL",85.91836734693877,7578.826530612243,0.8591836734693876,0.14030612244897958,0.1407446116201584,85.91836734693877,"dominancia","28","012"
"28-013","GRUPO TELEVISA",92.05298013245033,8536.906276040523,0.9205298013245033,0.07947019867549669,0.07947019867549665,92.05298013245033,"dominancia","28","013"
"28-014","AMÉRICA MÓVIL",99.1394148020654,9829.12717997636,0.9913941480206541,0.006884681583476765,0.008592521055453661,99.1394148020654,"dominancia","28","014"
"28-015","AMÉRICA MÓVIL",99.83851433185305,9967.755021612642,0.9983851433185305,0.0016148566814695195,0.0016148566814695453,99.83851433185305,"dominancia","28","015"
"28-016","AMÉRICA MÓVIL",59.58620689655172,5183.790725326991,0.5958620689655172,0.40413793103448276,0.4041379310344828,59.586206896551715,"dominancia","28","016"
"28-017","AMÉRICA MÓVIL",99.64381121994658,9929.01598488339,0.9964381121994659,0.003561887800534283,0.003561887800534125,99.64381121994658,"dominancia","28","017"
"28-018","AMÉRICA MÓVIL",98.01242236024845,9610.38540179777,0.9801242236024845,0.01987577639751553,0.019875776397515477,98.01242236024845,"dominancia","28","018"
"28-019","AMÉRICA MÓVIL",73.61894024802706,6115.708676879745,0.7361894024802705,0.2638105975197294,0.26381059751972946,73.61894024802706,"dominancia","28","019"
"28-020","GRUPO TELEVISA",90.53497942386831,8286.169113786853,0.9053497942386831,0.09465020576131687,0.09465020576131689,90.53497942386831,"dominancia","28","020"
"28-021","AMÉRICA MÓVIL",52.860372850987595,5007.1321641723625,0.5286037285098759,0.4704150846806877,0.47093422505029797,52.86037285098759,"dominancia","28","021"
"28-022","AMÉRICA MÓVIL",41.3077197499651,3541.223143467592,0.413077197499651,0.3718183369266802,0.4838080522903783,41.3077197499651,"no dominancia","28","022"
"28-023","AMÉRICA MÓVIL",50,5000,0.5,0.5,0.5,50,"no dominancia","28","023"
"28-024","AMÉRICA MÓVIL",99.86842105263158,9973.718836565096,0.9986842105263157,0.0013157894736842105,0.0013157894736842701,99.86842105263158,"dominancia","28","024"
"28-025","AMÉRICA MÓVIL",99.73226238286479,9946.562927574754,0.9973226238286479,0.0017211703958691913,0.0026752732135364443,99.73226238286479,"dominancia","28","025"
"28-026","AMÉRICA MÓVIL",100,10000,1,0,0,100,"monopolio","28","026"
"28-027","AMÉRICA MÓVIL",38.185429851711554,3394.915198075606,0.38185429851711555,0.34531343835173467,0.4867143327051494,38.185429851711554,"no dominancia","28","027"
"28-028","GRUPO TELEVISA",100,10000,1,0,0,100,"monopolio","28","028"
"28-029","AMÉRICA MÓVIL",92.98245614035088,8694.983071714374,0.9298245614035088,0.07017543859649122,0.07017543859649122,92.98245614035088,"dominancia","28","029"
"28-030","AMÉRICA MÓVIL",89.37558247903075,8100.872991125907,0.8937558247903076,0.10624417520969245,0.10624417520969243,89.37558247903075,"dominancia","28","030"
"28-031","AMÉRICA MÓVIL",100.00000000000001,10000.000000000004,1.0000000000000002,0,-2.220446049250313e-16,100.00000000000003,"monopolio","28","031"
"28-032","AMÉRICA MÓVIL",36.123405113238164,3340.2302599801424,0.36123405113238166,0.32810744904522804,0.4885822292107274,36.123405113238164,"no dominancia","28","032"
"28-033","AMÉRICA MÓVIL",76.72916261900136,6415.061793717399,0.7672916261900136,0.22969691082183796,0.23201211560988994,76.72916261900136,"dominancia","28","033"
"28-035","AMÉRICA MÓVIL",99.85629234243483,9971.29471466273,0.9985629234243483,0.0012317799219872716,0.0014368026219976904,99.85629234243483,"dominancia","28","035"
"28-037","AMÉRICA MÓVIL",99.93491701919949,9986.989757531483,0.9993491701919949,3.254149040026033e-4,6.506709657155274e-4,99.93491701919949,"dominancia","28","037"
"28-038","AMÉRICA MÓVIL",41.17316398772447,3130.318676909021,0.4117316398772447,0.30727568290237306,0.4624477010135573,41.17316398772447,"no dominancia","28","038"
"28-039","AMÉRICA MÓVIL",99.83739837398373,9967.51933372992,0.9983739837398373,8.130081300813008e-4,0.0016250247868333512,99.83739837398373,"dominancia","28","039"
"28-040","AMÉRICA MÓVIL",99.95613393771019,9991.23063600488,0.9995613393771019,4.386606228980845e-4,4.386606228981016e-4,99.95613393771019,"dominancia","28","040"
"28-041","AMÉRICA MÓVIL",40.51544725303591,3339.0360088243838,0.4051544725303591,0.32813036713745936,0.4717596956132052,40.51544725303591,"no dominancia","28","041"
"28-042","GRUPO TELEVISA",59.64285714285714,5185.969387755102,0.5964285714285714,0.40357142857142864,0.4035714285714286,59.64285714285714,"dominancia","28","042"
"28-043","GRUPO TELEVISA",62.80051981806368,5327.706615225282,0.6280051981806367,0.37199480181936323,0.3719948018193633,62.80051981806367,"dominancia","28","043"
"29-001","AMÉRICA MÓVIL",92.12903225806453,8549.526337062807,0.9212903225806452,0.07859237536656892,0.0787004514925051,92.12903225806453,"dominancia","29","001"
"29-002","GRUPO TELEVISA",91.42273655547991,8423.965956752692,0.9142273655547991,0.08100748808713411,0.08537526859845945,91.42273655547991,"dominancia","29","002"
"29-003","GRUPO TELEVISA",97.72727272727273,9555.785123966944,0.9772727272727273,0.022727272727272728,0.022727272727272707,97.72727272727273,"dominancia","29","003"
"29-004","GRUPO TELEVISA",55.88235294117647,5069.2041522491345,0.5588235294117647,0.4411764705882353,0.4411764705882353,55.88235294117647,"dominancia","29","004"
"29-005","AMÉRICA MÓVIL",73.3938915218536,5760.723269619469,0.733938915218536,0.1667654028436019,0.24457218415671367,73.3938915218536,"dominancia","29","005"
"29-006","AMÉRICA MÓVIL",66.48086213303604,5533.317010705406,0.6648086213303604,0.33370494240059456,0.33469424279370474,66.48086213303604,"dominancia","29","006"
"29-007","AMÉRICA MÓVIL",100,10000,1,0,0,100,"monopolio","29","007"
"29-008","AMÉRICA MÓVIL",99.59607616849394,9919.541542622106,0.9959607616849394,0.004039238315060588,0.004039238315060589,99.59607616849394,"dominancia","29","008"
"29-009","AMÉRICA MÓVIL",100.00000000000001,10000.000000000004,1.0000000000000002,0,-2.220446049250313e-16,100.00000000000003,"monopolio","29","009"
"29-010","AMÉRICA MÓVIL",71.35348226018397,5907.9369519591855,0.7135348226018396,0.28576434515987736,0.2862646589496074,71.35348226018397,"dominancia","29","010"
"29-011","AMÉRICA MÓVIL",96.24724061810154,9277.614529577162,0.9624724061810155,0.037527593818984545,0.03752759381898452,96.24724061810154,"dominancia","29","011"
"29-012","GRUPO TELEVISA",100,10000,1,0,0,100,"monopolio","29","012"
"29-013","AMÉRICA MÓVIL",60.08646588993918,4466.246188015847,0.6008646588993918,0.2544148897193522,0.35184429889831387,60.08646588993918,"dominancia","29","013"
"29-014","AMÉRICA MÓVIL",98.73364288729421,9749.832551133155,0.987336428872942,0.012241452089489235,0.012658314684842575,98.73364288729421,"dominancia","29","014"
"29-015","AMÉRICA MÓVIL",59.21257612236227,5169.743117620639,0.5921257612236227,0.4078742387763773,0.4078742387763773,59.21257612236227,"dominancia","29","015"
"29-016","AMÉRICA MÓVIL",64.4621513944223,5418.307645910381,0.6446215139442231,0.3553784860557769,0.35537848605577693,64.4621513944223,"dominancia","29","016"
"29-017","AMÉRICA MÓVIL",99.927060539752,9985.422748280123,0.9992706053975201,7.293946024799417e-4,7.293946024798936e-4,99.927060539752,"dominancia","29","017"
"29-018","GRUPO TELEVISA",99.42273534635879,9885.213538232445,0.9942273534635879,0.005772646536412078,0.005772646536412074,99.42273534635879,"dominancia","29","018"
"29-019","AMÉRICA MÓVIL",82.27501142074007,7081.737438385918,0.8227501142074007,0.17679305619004113,0.17716901714436206,82.27501142074007,"dominancia","29","019"
"29-020","AMÉRICA MÓVIL",96.9249692496925,9403.905478169174,0.9692496924969249,0.03075030750307503,0.03075030750307506,96.9249692496925,"dominancia","29","020"
"29-021","MEGACABLE-MCM",55.84336120742403,5055.72204374908,0.5584336120742404,0.4401386905975933,0.4409369839333404,55.84336120742404,"dominancia","29","021"
"29-022","GRUPO TELEVISA",83.8258164852255,7278.503515548471,0.838258164852255,0.15863141524105756,0.16124358747995526,83.8258164852255,"dominancia","29","022"
"29-023","AMÉRICA MÓVIL",70.06863622799165,5805.500320102918,0.7006863622799164,0.29931363772008357,0.29931363772008357,70.06863622799165,"dominancia","29","023"
"29-024","AMÉRICA MÓVIL",66.65711009174312,5554.918633216901,0.6665711009174312,0.3334288990825688,0.3334288990825688,66.65711009174312,"dominancia","29","024"
"29-025","AMÉRICA MÓVIL",99.59703768242213,9919.715688185775,0.9959703768242213,0.0038118057068176866,0.004028769175682567,99.59703768242213,"dominancia","29","025"
"29-026","GRUPO TELEVISA",96.02409638554217,9234.22122223835,0.9602409638554217,0.03674698795180723,0.0396438162287705,96.02409638554217,"dominancia","29","026"
"29-027","AMÉRICA MÓVIL",99.86187845303867,9972.413845731206,0.9986187845303867,0.0013812154696132594,0.0013812154696133394,99.86187845303867,"dominancia","29","027"
"29-028","AMÉRICA MÓVIL",61.091872071705026,5246.05925211014,0.6109187207170502,0.3890812792829497,0.3890812792829498,61.09187207170502,"dominancia","29","028"
"29-029","GRUPO TELEVISA",96.99738903394255,9417.509152015487,0.9699738903394255,0.030026109660574413,0.030026109660574507,96.99738903394255,"dominancia","29","029"
"29-030","AMÉRICA MÓVIL",91.80327868852459,8495.028218220908,0.9180327868852458,0.08196721311475409,0.08196721311475419,91.80327868852459,"dominancia","29","030"
"29-031","AMÉRICA MÓVIL",79.92478277784983,6790.985248602995,0.7992478277784982,0.2007521722215017,0.20075217222150177,79.92478277784983,"dominancia","29","031"
"29-032","GRUPO TELEVISA",99.03846153846155,9809.314998188625,0.9903846153846154,0.008241758241758242,0.009603120094191508,99.03846153846155,"dominancia","29","032"
"29-033","AMÉRICA MÓVIL",61.274107780629116,4719.694517360808,0.6127410778062912,0.29791793433688724,0.35665173358417124,61.274107780629116,"dominancia","29","033"
"29-034","AMÉRICA MÓVIL",95.40873460246361,9123.566383416231,0.9540873460246361,0.04553938036580814,0.04589558565988405,95.40873460246361,"dominancia","29","034"
"29-035","GRUPO TELEVISA",75,6250,0.75,0.25,0.25,75,"dominancia","29","035"
"29-036","GRUPO TELEVISA",98.77136752136754,9757.052880049678,0.9877136752136754,0.011217948717948718,0.012273769084666375,98.77136752136754,"dominancia","29","036"
"29-037","AMÉRICA MÓVIL",100,10000,1,0,0,100,"monopolio","29","037"
"29-038","AMÉRICA MÓVIL",79.0193842645382,6684.249326185854,0.7901938426453821,0.209806157354618,0.20980615735461794,79.0193842645382,"dominancia","29","038"
"29-039","AMÉRICA MÓVIL",75.11538461538461,6260.608727810651,0.7511538461538462,0.24865384615384614,0.2487983173076923,75.11538461538461,"dominancia","29","039"
"29-040","AMÉRICA MÓVIL",98.8808426596445,9778.673558233842,0.988808426596445,0.01119157340355497,0.011191573403555033,98.8808426596445,"dominancia","29","040"
"29-041","AMÉRICA MÓVIL",99.77247906807426,9954.582780115952,0.9977247906807426,0.0018201674554058974,0.002274277535317004,99.77247906807426,"dominancia","29","041"
"29-042","AMÉRICA MÓVIL",99.85001874765653,9970.040302892396,0.9985001874765653,0.0011248593925759281,0.0014993204589585085,99.85001874765653,"dominancia","29","042"
"29-043","AMÉRICA MÓVIL",62.765655993199196,5315.4131323822085,0.627656559931992,0.3709266081042788,0.37181689568704146,62.765655993199196,"dominancia","29","043"
"29-044","AMÉRICA MÓVIL",76.5934065934066,6150.1627227297695,0.765934065934066,0.13915558126084443,0.21635464121887665,76.5934065934066,"dominancia","29","044"
"29-045","AMÉRICA MÓVIL",99.68976215098242,9938.14492524241,0.9968976215098242,0.0031023784901758012,0.0031023784901758056,99.68976215098242,"dominancia","29","045"
"29-046","MEGACABLE-MCM",98.6829727187206,9740.063665463389,0.9868297271872061,0.01317027281279398,0.013170272812793926,98.6829727187206,"dominancia","29","046"
"29-047","GRUPO TELEVISA",100,10000,1,0,0,100,"monopolio","29","047"
"29-048","AMÉRICA MÓVIL",77.35184417737257,6496.24675980654,0.7735184417737258,0.22648155822627436,0.22648155822627425,77.35184417737257,"dominancia","29","048"
"29-049","AMÉRICA MÓVIL",60.25732666190137,5210.425500497906,0.6025732666190137,0.3974267333809864,0.39742673338098633,60.25732666190137,"dominancia","29","049"
"29-050","AMÉRICA MÓVIL",64.3002028397566,5408.991602516366,0.6430020283975659,0.35699797160243407,0.35699797160243407,64.3002028397566,"dominancia","29","050"
"29-051","GRUPO TELEVISA",100,10000,1,0,0,100,"monopolio","29","051"
"29-053","GRUPO TELEVISA",100,10000,1,0,0,100,"monopolio","29","053"
"29-054","GRUPO TELEVISA",100,10000,1,0,0,100,"monopolio","29","054"
"29-055","AMÉRICA MÓVIL",66.66666666666666,5555.555555555555,0.6666666666666665,0.33333333333333326,0.33333333333333337,66.66666666666666,"dominancia","29","055"
"29-056","AMÉRICA MÓVIL",79.63993453355155,6757.051438306444,0.7963993453355155,0.20360065466448446,0.20360065466448451,79.63993453355155,"dominancia","29","056"
"29-057","AMÉRICA MÓVIL",97.79874213836477,9569.439500019776,0.9779874213836477,0.0220125786163522,0.022012578616352307,97.79874213836477,"dominancia","29","057"
"29-058","GRUPO TELEVISA",100,10000,1,0,0,100,"monopolio","29","058"
"29-060","GRUPO TELEVISA",100,10000,1,0,0,100,"monopolio","29","060"
"30-001","AMÉRICA MÓVIL",98.73060648801129,9749.025724067551,0.9873060648801129,0.011283497884344146,0.01267702578772617,98.73060648801129,"dominancia","30","001"
"30-002","AMÉRICA MÓVIL",98.68073878627968,9739.628657555988,0.9868073878627968,0.013192612137203165,0.013192612137203241,98.68073878627968,"dominancia","30","002"
"30-003","AMÉRICA MÓVIL",98.24646858256212,9654.78369245202,0.9824646858256212,0.01539210910862153,0.017500029064187572,98.24646858256212,"dominancia","30","003"
"30-004","AMÉRICA MÓVIL",99.65571205007825,9931.344212029262,0.9965571205007825,0.0028169014084507044,0.003440920256366886,99.65571205007825,"dominancia","30","004"
"30-005","AMÉRICA MÓVIL",80.95238095238096,6916.099773242632,0.8095238095238096,0.19047619047619047,0.19047619047619035,80.95238095238096,"dominancia","30","005"
"30-006","AMÉRICA MÓVIL",77.78947368421053,6544.50969529086,0.7778947368421053,0.22210526315789475,0.2221052631578947,77.78947368421053,"dominancia","30","006"
"30-007","AMÉRICA MÓVIL",99.67637540453075,9935.484546663733,0.9967637540453075,0.0032362459546925572,0.003236245954692518,99.67637540453075,"dominancia","30","007"
"30-009","AMÉRICA MÓVIL",70.45309508615189,5407.847479666983,0.704530950861519,0.17102744097000638,0.2664432624214565,70.45309508615189,"dominancia","30","009"
"30-010","AMÉRICA MÓVIL",62.337164750957854,5292.914079358788,0.6233716475095785,0.37509578544061306,0.3760523186682521,62.337164750957854,"dominancia","30","010"
"30-011","AMÉRICA MÓVIL",92.66037372375266,8624.462875133864,0.9266037372375265,0.06097091119244847,0.07256148307454313,92.66037372375266,"dominancia","30","011"
"30-012","AMÉRICA MÓVIL",99.80657640232108,9961.390105840495,0.9980657640232109,0.0019342359767891685,0.0019342359767891004,99.80657640232108,"dominancia","30","012"
"30-013","AMÉRICA MÓVIL",95.30231512699483,9102.772658699143,0.9530231512699483,0.04495392222971453,0.04688386413366624,95.30231512699483,"dominancia","30","013"
"30-014","AMÉRICA MÓVIL",71.7541325629915,5926.78816302571,0.717541325629915,0.27892794094045903,0.28146762112527424,71.7541325629915,"dominancia","30","014"
"30-015","AMÉRICA MÓVIL",99.6554694229113,9931.331287219358,0.9965546942291129,0.0034453057708871667,0.003445305770887086,99.6554694229113,"dominancia","30","015"
"30-016","AMÉRICA MÓVIL",66.19217081850533,5494.982953995908,0.6619217081850534,0.33367671848660796,0.336599902346686,66.19217081850533,"dominancia","30","016"
"30-017","MEGACABLE-MCM",86.14718614718613,7601.619160060716,0.8614718614718613,0.1341991341991342,0.13793781975600172,86.14718614718613,"dominancia","30","017"
"30-018","GRUPO TELEVISA",88.88888888888889,8024.691358024691,0.8888888888888888,0.1111111111111111,0.11111111111111116,88.88888888888889,"dominancia","30","018"
"30-019","GRUPO TELEVISA",100,10000,1,0,0,100,"monopolio","30","019"
"30-021","AMÉRICA MÓVIL",95.77966566182515,9190.654350617762,0.9577966566182515,0.04110715264456015,0.042157681284721193,95.77966566182515,"dominancia","30","021"
"30-022","AMÉRICA MÓVIL",75.27114967462037,6277.262011754131,0.7527114967462037,0.24728850325379612,0.24728850325379625,75.27114967462037,"dominancia","30","022"
"30-023","GRUPO TELEVISA",100,10000,1,0,0,100,"monopolio","30","023"
"30-024","GRUPO TELEVISA",100,10000,1,0,0,100,"monopolio","30","024"
"30-025","MEGACABLE-MCM",99.00990099009901,9803.70071761672,0.9900990099009901,0.008486562942008486,0.009887986171823904,99.00990099009901,"dominancia","30","025"
"30-026","MEGACABLE-MCM",67.72560844281713,5583.959632700509,0.6772560844281713,0.3157441309498169,0.3205092761671384,67.72560844281713,"dominancia","30","026"
"30-027","GRUPO TELEVISA",100,10000,1,0,0,100,"monopolio","30","027"
"30-028","GRUPO SALINAS",53.18202451202905,4821.513234279056,0.5318202451202905,0.44617945226206684,0.4581216652505361,53.182024512029045,"dominancia","30","028"
"30-029","GRUPO TELEVISA",100,10000,1,0,0,100,"monopolio","30","029"
"30-030","AMÉRICA MÓVIL",55.79121540312876,4192.616130218764,0.5579121540312876,0.292719614921781,0.38720940067206233,55.79121540312876,"dominancia","30","030"
"30-031","GRUPO TELEVISA",100,10000,1,0,0,100,"monopolio","30","031"
"30-032","AMÉRICA MÓVIL",99.37042708865066,9874.878141831543,0.9937042708865066,0.006295729113493279,0.006295729113493409,99.37042708865066,"dominancia","30","032"
"30-033","MEGACABLE-MCM",54.7486033519553,5003.398423547606,0.547486033519553,0.4478584729981378,0.4504181274686253,54.7486033519553,"dominancia","30","033"
"30-034","AMÉRICA MÓVIL",99.96189750428654,9992.382404457667,0.9996189750428655,3.8102495713469235e-4,3.8102495713454587e-4,99.96189750428654,"dominancia","30","034"
"30-035","AMÉRICA MÓVIL",96.86847599164928,9393.30808355961,0.9686847599164927,0.031315240083507306,0.03131524008350728,96.86847599164928,"dominancia","30","035"
"30-036","AMÉRICA MÓVIL",92.14780600461894,8550.504592565729,0.9214780600461894,0.07698229407236336,0.07840222922707762,92.14780600461894,"dominancia","30","036"
"30-037","GRUPO TELEVISA",100,10000,1,0,0,100,"monopolio","30","037"
"30-038","AMÉRICA MÓVIL",50.38365753516861,3832.1820067515923,0.5038365753516861,0.31059433263781383,0.4213087724023068,50.383657535168616,"dominancia","30","038"
"30-039","AMÉRICA MÓVIL",44.80241768312641,3606.5162645233413,0.44802417683126405,0.36656920290645656,0.46682365874707155,44.80241768312641,"no dominancia","30","039"
"30-040","AMÉRICA MÓVIL",45.35673247675754,3800.272797519146,0.45356732476757544,0.38504126188237753,0.47126672762757915,45.35673247675754,"no dominancia","30","040"
"30-042","CÉSAR ABED GÓMEZ ORTEGA",60.97560975609756,5240.928019036288,0.6097560975609756,0.3902439024390244,0.3902439024390244,60.97560975609756,"dominancia","30","042"
"30-043","AMÉRICA MÓVIL",100,10000,1,0,0,100,"monopolio","30","043"
"30-044","AMÉRICA MÓVIL",43.03259256993408,2996.299117823029,0.4303259256993408,0.22420200969671014,0.43254306941152454,43.03259256993408,"no dominancia","30","044"
"30-045","MEGACABLE-MCM",64.7500234499578,5426.552334635214,0.6475002344995779,0.35128036769533816,0.3520706715255818,64.7500234499578,"dominancia","30","045"
"30-046","AMÉRICA MÓVIL",54.123711340206185,4701.349771495376,0.5412371134020618,0.41924398625429554,0.4414139535432978,54.123711340206185,"dominancia","30","046"
"30-047","AMÉRICA MÓVIL",100,10000,1,0,0,100,"monopolio","30","047"
"30-048","GRUPO TELEVISA",52.77087176196969,4266.695929925785,0.5277087176196968,0.37324564921004094,0.4304179120012,52.77087176196969,"dominancia","30","048"
"30-049","AMÉRICA MÓVIL",95.47038327526133,9135.11151039833,0.9547038327526133,0.04529616724738676,0.04529616724738672,95.47038327526133,"dominancia","30","049"
"30-050","GRUPO TELEVISA",100,10000,1,0,0,100,"monopolio","30","050"
"30-051","AMÉRICA MÓVIL",99.03614457831324,9808.883727681809,0.9903614457831325,0.008433734939759036,0.009627667295688869,99.03614457831324,"dominancia","30","051"
"30-052","AMÉRICA MÓVIL",98.96774193548387,9795.679500520293,0.9896774193548388,0.01032258064516129,0.010322580645161228,98.96774193548387,"dominancia","30","052"
"30-053","AMÉRICA MÓVIL",80.55177773460268,6865.313843338092,0.8055177773460268,0.19409364678453467,0.19440672705081824,80.55177773460268,"dominancia","30","053"
"30-054","AMÉRICA MÓVIL",99.5,9900.5,0.995,0.005,0.0050000000000000044,99.5,"dominancia","30","054"
"30-055","AMÉRICA MÓVIL",100,10000,1,0,0,100,"monopolio","30","055"
"30-057","AMÉRICA MÓVIL",100,10000,1,0,0,100,"monopolio","30","057"
"30-058","AMÉRICA MÓVIL",99.80525803310614,9961.108493271733,0.9980525803310614,9.737098344693282e-4,0.001945997502675989,99.80525803310614,"dominancia","30","058"
"30-059","AMÉRICA MÓVIL",96.52299891343715,9325.890275124844,0.9652299891343715,0.030061571894241218,0.034617383090206844,96.52299891343715,"dominancia","30","059"
"30-060","INTERCABLETV COMUNICACIONES Y SERVICIOS, S.A. DE C.V.",50.90909090909091,5001.652892561982,0.509090909090909,0.49090909090909085,0.4909090909090909,50.90909090909091,"dominancia","30","060"
"30-061","AMÉRICA MÓVIL",99.54208460532053,9908.771628854305,0.9954208460532052,0.003706934147405146,0.004575540301747116,99.54208460532053,"dominancia","30","061"
"30-062","AMÉRICA MÓVIL",89.38992042440319,8103.131662081631,0.8938992042440319,0.10610079575596817,0.10610079575596809,89.38992042440319,"dominancia","30","062"
"30-063","AMÉRICA MÓVIL",96.8,9380.48,0.968,0.032,0.03200000000000003,96.8,"dominancia","30","063"
"30-065","AMÉRICA MÓVIL",76.0227580601463,6178.430461348315,0.760227580601463,0.19759776031789036,0.23054945028774626,76.0227580601463,"dominancia","30","065"
"30-066","AMÉRICA MÓVIL",99.99999999999999,9999.999999999996,0.9999999999999999,0,1.1102230246251565e-16,99.99999999999999,"monopolio","30","066"
"30-067","GRUPO TELEVISA",100,10000,1,0,0,100,"monopolio","30","067"
"30-068","AMÉRICA MÓVIL",50.79931389365352,3784.5283842666286,0.5079931389365352,0.2732075471698113,0.40829266731197533,50.79931389365352,"dominancia","30","068"
"30-069","AMÉRICA MÓVIL",59.775383910153565,5049.5837599206,0.5977538391015357,0.3839101535640614,0.3950386769244783,59.775383910153565,"dominancia","30","069"
"30-070","GRUPO TELEVISA",54.09836065573771,5033.593120128998,0.5409836065573771,0.4590163934426229,0.4590163934426229,54.09836065573771,"dominancia","30","070"
"30-071","AMÉRICA MÓVIL",99.96382054992763,9992.766727890741,0.9996382054992763,3.61794500723589e-4,3.617945007237111e-4,99.96382054992763,"dominancia","30","071"
"30-072","AMÉRICA MÓVIL",94.53416149068323,8966.583079356507,0.9453416149068323,0.0546583850931677,0.05465838509316767,94.53416149068323,"dominancia","30","072"
"30-073","AMÉRICA MÓVIL",98.8030888030888,9763.232509950654,0.988030888030888,0.010810810810810811,0.01195591896364101,98.8030888030888,"dominancia","30","073"
"30-074","GRUPO TELEVISA",99.31506849315068,9863.951960968285,0.9931506849315067,0.00684931506849315,0.006849315068493289,99.31506849315068,"dominancia","30","074"
"30-075","AMÉRICA MÓVIL",81.68421052631578,7007.7783933517985,0.8168421052631578,0.18315789473684208,0.18315789473684213,81.68421052631578,"dominancia","30","075"
"30-077","AMÉRICA MÓVIL",60.79588440006052,5170.279659865829,0.6079588440006052,0.38387047964896354,0.3888712945736866,60.795884400060515,"dominancia","30","077"
"30-078","AMÉRICA MÓVIL",99.8019801980198,9960.474463287914,0.998019801980198,0.0019801980198019802,0.001980198019801982,99.8019801980198,"dominancia","30","078"
"30-079","AMÉRICA MÓVIL",100,10000,1,0,0,100,"monopolio","30","079"
"30-080","AMÉRICA MÓVIL",90.31476997578692,8250.56135640122,0.9031476997578691,0.09685230024213075,0.09685230024213087,90.31476997578692,"dominancia","30","080"
"30-081","GRUPO TELEVISA",78.33827893175074,6602.913206949078,0.7833827893175074,0.2158753709198813,0.21645679058545908,78.33827893175074,"dominancia","30","081"
"30-082","AMÉRICA MÓVIL",99.48453608247422,9897.359570448198,0.9948453608247422,0.004217432052483599,0.005150247389302975,99.48453608247422,"dominancia","30","082"
"30-084","AMÉRICA MÓVIL",100.00000000000001,10000.000000000004,1.0000000000000002,0,-2.220446049250313e-16,100.00000000000003,"monopolio","30","084"
"30-085","AMÉRICA MÓVIL",48.31362667183563,3780.1190226020913,0.4831362667183563,0.3593719713122699,0.44786378077315814,48.31362667183563,"dominancia","30","085"
"30-086","AMÉRICA MÓVIL",61.2532637075718,5253.271888144304,0.6125326370757179,0.38746736292428197,0.387467362924282,61.25326370757179,"dominancia","30","086"
"30-087","AMÉRICA MÓVIL",43.295331772755915,3481.0512216684347,0.43295331772755913,0.30531984334203655,0.45288581570355246,43.295331772755915,"no dominancia","30","087"
"30-088","MEGACABLE-MCM",92.06041828040279,8538.157571844882,0.9206041828040279,0.07939581719597212,0.07939581719597211,92.06041828040279,"dominancia","30","088"
"30-089","AMÉRICA MÓVIL",65.85659287776708,5448.298365664031,0.6585659287776708,0.33325312800769974,0.33867428239006003,65.85659287776708,"dominancia","30","089"
"30-090","AMÉRICA MÓVIL",98.81889763779527,9766.569533139067,0.9881889763779528,0.011811023622047244,0.011811023622047223,98.81889763779527,"dominancia","30","090"
"30-091","AMÉRICA MÓVIL",99.93145990404388,9986.301376298281,0.9993145990404387,6.854009595613434e-4,6.854009595612665e-4,99.93145990404388,"dominancia","30","091"
"30-092","AMÉRICA MÓVIL",92.09713932908005,8543.691092725116,0.9209713932908005,0.07861699938258901,0.07899616266596188,92.09713932908005,"dominancia","30","092"
"30-093","AMÉRICA MÓVIL",99.30379746835442,9861.728889601023,0.9930379746835442,0.006962025316455695,0.006962025316455844,99.30379746835442,"dominancia","30","093"
"30-094","AMÉRICA MÓVIL",99.83235540653814,9966.527290727063,0.9983235540653814,0.0016764459346186086,0.0016764459346185756,99.83235540653814,"dominancia","30","094"
"30-095","AMÉRICA MÓVIL",100.00000000000001,10000.000000000004,1.0000000000000002,0,-2.220446049250313e-16,100.00000000000003,"monopolio","30","095"
"30-097","AMÉRICA MÓVIL",99.83198924731182,9966.445271852237,0.9983198924731183,0.0013440860215053765,0.0016795994298474115,99.83198924731182,"dominancia","30","097"
"30-099","AMÉRICA MÓVIL",98.5624438454627,9716.37972858539,0.985624438454627,0.013477088948787064,0.014363049123767346,98.5624438454627,"dominancia","30","099"
"30-100","MEGACABLE-MCM",63.59832635983263,5352.536630975634,0.6359832635983264,0.36162582187686787,0.36314926173547096,63.59832635983263,"dominancia","30","100"
"30-101","AMÉRICA MÓVIL",82.71780303030303,7138.059001323606,0.8271780303030303,0.17199337121212122,0.1726791129624548,82.71780303030303,"dominancia","30","101"
"30-102","AMÉRICA MÓVIL",75.38023940267846,6278.068233720767,0.7538023940267845,0.2441038201714534,0.24568431289089282,75.38023940267846,"dominancia","30","102"
"30-103","GRUPO TELEVISA",100,10000,1,0,0,100,"monopolio","30","103"
"30-104","AMÉRICA MÓVIL",82.3529411764706,7093.425605536333,0.823529411764706,0.17647058823529413,0.1764705882352941,82.3529411764706,"dominancia","30","104"
"30-105","MEGACABLE-MCM",55.11893351921234,4345.79798265172,0.5511893351921234,0.3506142720223055,0.4095603422580981,55.11893351921234,"dominancia","30","105"
"30-108","GRUPO SALINAS",39.41117189749496,3375.8455151827734,0.3941117189749496,0.3042758422113446,0.4686298705600167,39.41117189749496,"no dominancia","30","108"
"30-109","AMÉRICA MÓVIL",52.29876506472251,4979.554630062565,0.5229876506472251,0.4737390269305163,0.4754562914537842,52.29876506472251,"dominancia","30","109"
"30-110","GRUPO TELEVISA",100,10000,1,0,0,100,"monopolio","30","110"
"30-111","AMÉRICA MÓVIL",92.70833333333333,8646.342378257887,0.9270833333333333,0.07175925925925926,0.07283294217249664,92.70833333333333,"dominancia","30","111"
"30-112","AMÉRICA MÓVIL",99.69154842689699,9938.469524565953,0.9969154842689698,0.0024676125848241827,0.0030828031683171053,99.69154842689699,"dominancia","30","112"
"30-113","AMÉRICA MÓVIL",100.00000000000001,10000.000000000004,1.0000000000000002,0,-2.220446049250313e-16,100.00000000000003,"monopolio","30","113"
"30-114","AMÉRICA MÓVIL",54.718543046357624,4078.9603526161145,0.5471854304635763,0.28228476821192056,0.3901363975264242,54.718543046357624,"dominancia","30","114"
"30-115","GRUPO SALINAS",58.256578947368425,4942.544581024931,0.5825657894736842,0.39276315789473687,0.4074399995671745,58.25657894736842,"dominancia","30","115"
"30-116","AMÉRICA MÓVIL",98.5740855548667,9718.422350331637,0.985740855548667,0.012399256044637324,0.01423435362632125,98.5740855548667,"dominancia","30","116"
"30-117","AMÉRICA MÓVIL",99.29639401934917,9860.26892662185,0.9929639401934917,0.007036059806508356,0.0070360598065083435,99.29639401934917,"dominancia","30","117"
"30-118","GRUPO SALINAS",46.97338884518716,3747.9599364932465,0.4697338884518716,0.3474799025344871,0.45004617835263067,46.97338884518716,"dominancia","30","118"
"30-119","AMÉRICA MÓVIL",100,10000,1,0,0,100,"monopolio","30","119"
"30-120","GRUPO TELEVISA",91.66666666666666,8472.22222222222,0.9166666666666665,0.08333333333333331,0.08333333333333348,91.66666666666666,"dominancia","30","120"
"30-121","AMÉRICA MÓVIL",84.46712018140589,7369.023195067897,0.8446712018140589,0.15306122448979592,0.1549791496341546,84.46712018140589,"dominancia","30","121"
"30-122","GRUPO TELEVISA",100,10000,1,0,0,100,"monopolio","30","122"
"30-123","AMÉRICA MÓVIL",67.0047776552738,5563.838391451141,0.670047776552738,0.32774715178243297,0.3292270863191147,67.0047776552738,"dominancia","30","123"
"30-124","AMÉRICA MÓVIL",48.08800419067575,3523.167779872079,0.4808800419067575,0.31712938711367206,0.4346627167334242,48.08800419067575,"dominancia","30","124"
"30-125","AMÉRICA MÓVIL",97.83950617283949,9576.343640451149,0.978395061728395,0.019290123456790122,0.021557606024234233,97.83950617283949,"dominancia","30","125"
"30-126","MEGACABLE-MCM",59.93690851735016,5194.678270172438,0.5993690851735016,0.4002804065895549,0.4004905518188896,59.93690851735016,"dominancia","30","126"
"30-127","GRUPO TELEVISA",100,10000,1,0,0,100,"monopolio","30","127"
"30-128","AMÉRICA MÓVIL",56.65522250099036,5083.439102851528,0.5665522250099037,0.43285355869536507,0.43319038980578467,56.65522250099036,"dominancia","30","128"
"30-129","AMÉRICA MÓVIL",99.99999999999999,9999.999999999996,0.9999999999999999,0,1.1102230246251565e-16,99.99999999999999,"monopolio","30","129"
"30-130","AMÉRICA MÓVIL",99.949083503055,9989.821885590321,0.9994908350305499,5.091649694501018e-4,5.091649694500822e-4,99.949083503055,"dominancia","30","130"
"30-131","AMÉRICA MÓVIL",36.44618650988078,2694.3926015138145,0.36446186509880785,0.23624040503021393,0.46148853892876895,36.44618650988078,"no dominancia","30","131"
"30-132","AMÉRICA MÓVIL",99.94972347913526,9989.949751284152,0.9994972347913526,5.027652086475615e-4,5.027652086474488e-4,99.94972347913526,"dominancia","30","132"
"30-133","AMÉRICA MÓVIL",60.28484037468935,5210.796838882476,0.6028484037468935,0.39705601223475434,0.3971136394757939,60.28484037468935,"dominancia","30","133"
"30-134","AMÉRICA MÓVIL",98.47560975609757,9699.351204640096,0.9847560975609757,0.013719512195121953,0.01522182666567512,98.47560975609757,"dominancia","30","134"
"30-135","AMÉRICA MÓVIL",82.55009107468123,7116.48468319614,0.8255009107468123,0.1737704918032787,0.17437221508886835,82.55009107468123,"dominancia","30","135"
"30-136","AMÉRICA MÓVIL",99.50454170107348,9901.331109476097,0.9950454170107348,0.004128819157720892,0.004950832616785028,99.50454170107348,"dominancia","30","136"
"30-138","AMÉRICA MÓVIL",60.17414122137404,5175.053707807674,0.6017414122137404,0.39420324427480913,0.39665173531189907,60.17414122137404,"dominancia","30","138"
"30-139","AMÉRICA MÓVIL",97.08994708994709,9434.926233868033,0.9708994708994709,0.0291005291005291,0.02910052910052907,97.08994708994709,"dominancia","30","139"
"30-141","AMÉRICA MÓVIL",99.6266942338617,9925.572966859994,0.996266942338617,0.002986446129106363,0.003730549231872382,99.6266942338617,"dominancia","30","141"
"30-142","AMÉRICA MÓVIL",98.84169884169884,9770.758071916374,0.9884169884169884,0.010296010296010296,0.011568932418353217,98.84169884169884,"dominancia","30","142"
"30-143","AMÉRICA MÓVIL",91.43501126972201,8431.183007528387,0.9143501126972201,0.08414725770097671,0.08552231619458772,91.43501126972201,"dominancia","30","143"
"30-144","AMÉRICA MÓVIL",99.3091537132988,9862.606304121515,0.993091537132988,0.005181347150259068,0.0068980226165653025,99.3091537132988,"dominancia","30","144"
"30-145","AMÉRICA MÓVIL",98.4251968503937,9689.99937999876,0.984251968503937,0.015748031496062992,0.015748031496062964,98.4251968503937,"dominancia","30","145"
"30-147","AMÉRICA MÓVIL",99.99999999999999,9999.999999999996,0.9999999999999999,0,1.1102230246251565e-16,99.99999999999999,"monopolio","30","147"
"30-148","AMÉRICA MÓVIL",99.99999999999999,9999.999999999996,0.9999999999999999,0,1.1102230246251565e-16,99.99999999999999,"monopolio","30","148"
"30-149","GRUPO TELEVISA",100,10000,1,0,0,100,"monopolio","30","149"
"30-150","AMÉRICA MÓVIL",94.60625674217907,8979.436281098391,0.9460625674217907,0.05393743257820928,0.053937432578209266,94.60625674217907,"dominancia","30","150"
"30-151","AMÉRICA MÓVIL",100.00000000000001,10000.000000000004,1.0000000000000002,0,-2.220446049250313e-16,100.00000000000003,"monopolio","30","151"
"30-152","AMÉRICA MÓVIL",81.42292490118577,6969.939991077643,0.8142292490118577,0.1844532279314888,0.18552686167396604,81.42292490118577,"dominancia","30","152"
"30-153","AMÉRICA MÓVIL",99.39393939393939,9879.522497704316,0.9939393939393939,0.006060606060606061,0.0060606060606061,99.39393939393939,"dominancia","30","153"
"30-154","GRUPO TELEVISA",61.165048543689316,5249.316617965878,0.6116504854368932,0.38834951456310685,0.38834951456310685,61.165048543689316,"dominancia","30","154"
"30-155","AMÉRICA MÓVIL",99.93914807302231,9987.837020518497,0.9993914807302231,6.085192697768763e-4,6.085192697768971e-4,99.93914807302231,"dominancia","30","155"
"30-156","GRUPO TELEVISA",100,10000,1,0,0,100,"monopolio","30","156"
"30-157","GRUPO TELEVISA",70.22016222479722,5817.709920794233,0.7022016222479722,0.29779837775202783,0.2977983777520278,70.22016222479722,"dominancia","30","157"
"30-158","AMÉRICA MÓVIL",99.9265785609398,9985.326493603388,0.999265785609398,7.342143906020559e-4,7.342143906019505e-4,99.9265785609398,"dominancia","30","158"
"30-160","AMÉRICA MÓVIL",98.90632429862102,9783.657112803778,0.9890632429862102,0.010936757013789824,0.010936757013789822,98.90632429862102,"dominancia","30","160"
"30-161","AMÉRICA MÓVIL",99.95957962813257,9991.919193239439,0.9995957962813258,4.042037186742118e-4,4.042037186742231e-4,99.95957962813257,"dominancia","30","161"
"30-164","AMÉRICA MÓVIL",99.85265225933202,9970.573874579763,0.9985265225933202,0.0014734774066797642,0.0014734774066798018,99.85265225933202,"dominancia","30","164"
"30-166","AMÉRICA MÓVIL",62,5288,0.62,0.38,0.38,62,"dominancia","30","166"
"30-167","AMÉRICA MÓVIL",100,10000,1,0,0,100,"monopolio","30","167"
"30-168","AMÉRICA MÓVIL",100,10000,1,0,0,100,"monopolio","30","168"
"30-169","AMÉRICA MÓVIL",100,10000,1,0,0,100,"monopolio","30","169"
"30-171","GRUPO TELEVISA",100,10000,1,0,0,100,"monopolio","30","171"
"30-172","AMÉRICA MÓVIL",97.59174311926606,9529.948026260417,0.9759174311926606,0.02408256880733945,0.02408256880733939,97.59174311926606,"dominancia","30","172"
"30-173","AMÉRICA MÓVIL",99.93626513702995,9987.259346279168,0.9993626513702994,4.2489908646696413e-4,6.372357926794914e-4,99.93626513702995,"dominancia","30","173"
"30-174","AMÉRICA MÓVIL",56.485708266029924,5068.895119895489,0.5648570826602992,0.43338717606573496,0.43438046027336413,56.485708266029924,"dominancia","30","174"
"30-175","GRUPO TELEVISA",50.6570580754557,4225.020265482766,0.506570580754557,0.3952946163628656,0.449822040219728,50.657058075455694,"dominancia","30","175"
"30-176","AMÉRICA MÓVIL",98.93617021276596,9789.497510185603,0.9893617021276596,0.010638297872340425,0.010638297872340385,98.93617021276596,"dominancia","30","176"
"30-177","AMÉRICA MÓVIL",100,10000,1,0,0,100,"monopolio","30","177"
"30-178","AMÉRICA MÓVIL",97.63948497854076,9539.041058041223,0.9763948497854077,0.023605150214592276,0.023605150214592308,97.63948497854076,"dominancia","30","178"
"30-181","MEGACABLE-MCM",58.504398826979475,4687.341440132093,0.5850439882697948,0.34970674486803516,0.39000916959778464,58.504398826979475,"dominancia","30","181"
"30-182","AMÉRICA MÓVIL",96.84210526315789,9383.933518005539,0.9684210526315788,0.021052631578947368,0.0313019390581718,96.84210526315789,"dominancia","30","182"
"30-183","AMÉRICA MÓVIL",75.07757779945031,6257.328047691797,0.7507757779945031,0.24913556166326803,0.2492021296310103,75.07757779945031,"dominancia","30","183"
"30-185","GRUPO TELEVISA",100,10000,1,0,0,100,"monopolio","30","185"
"30-186","AMÉRICA MÓVIL",99.86979166666667,9973.992241753474,0.9986979166666667,0.001302083333333333,0.0013020833333332593,99.86979166666667,"dominancia","30","186"
"30-187","GRUPO TELEVISA",100,10000,1,0,0,100,"monopolio","30","187"
"30-188","AMÉRICA MÓVIL",100,10000,1,0,0,100,"monopolio","30","188"
"30-189","AMÉRICA MÓVIL",49.522000633111745,4013.8803987982697,0.49522000633111746,0.3740424184868629,0.44733243807845474,49.522000633111745,"dominancia","30","189"
"30-191","AMÉRICA MÓVIL",53.976457077232276,5028.983317436425,0.5397645707723228,0.4599483204134367,0.4601033327950558,53.976457077232276,"dominancia","30","191"
"30-192","AMÉRICA MÓVIL",100.00000000000001,10000.000000000004,1.0000000000000002,0,-2.220446049250313e-16,100.00000000000003,"monopolio","30","192"
"30-193","MEGACABLE-MCM",38.79479584632076,3287.2436452278844,0.3879479584632076,0.3510565017479206,0.4863685244718585,38.79479584632076,"no dominancia","30","193"
"30-194","AMÉRICA MÓVIL",99.84447900466563,9968.944174493106,0.9984447900466563,0.0015552099533437014,0.0015552099533436836,99.84447900466563,"dominancia","30","194"
"30-196","AMÉRICA MÓVIL",80,6800,0.8,0.2,0.19999999999999996,80,"dominancia","30","196"
"30-197","AMÉRICA MÓVIL",99.39209726443768,9879.158544359345,0.9939209726443768,0.0060790273556231,0.006079027355623157,99.39209726443768,"dominancia","30","197"
"30-198","GRUPO TELEVISA",100,10000,1,0,0,100,"monopolio","30","198"
"30-199","GRUPO SALINAS",50,5000,0.5,0.5,0.5,50,"no dominancia","30","199"
"30-200","AMÉRICA MÓVIL",100,10000,1,0,0,100,"monopolio","30","200"
"30-201","AMÉRICA MÓVIL",99.72602739726028,9945.322240987469,0.9972602739726029,0.0018264840182648401,0.0027376409999790297,99.72602739726028,"dominancia","30","201"
"30-204","AMÉRICA MÓVIL",99.52907082050353,9906.25771268491,0.9952907082050353,0.00470929179496468,0.0047092917949647095,99.52907082050353,"dominancia","30","204"
"30-205","AMÉRICA MÓVIL",99.68774395003902,9937.707233749003,0.9968774395003902,0.00234192037470726,0.0031204276030936673,99.68774395003902,"dominancia","30","205"
"30-206","AMÉRICA MÓVIL",60.21676761236851,5208.764680890284,0.602167676123685,0.39783232387631495,0.39783232387631495,60.21676761236851,"dominancia","30","206"
"30-207","MEGACABLE-MCM",51.01394169835235,5002.056155535316,0.5101394169835235,0.4898605830164766,0.48986058301647656,51.01394169835235,"dominancia","30","207"
"30-208","MEGACABLE-MCM",57.88347205707491,5124.298263349362,0.5788347205707491,0.42116527942925086,0.42116527942925086,57.88347205707491,"dominancia","30","208"
"30-210","AMÉRICA MÓVIL",98.55072463768117,9714.345725687883,0.9855072463768118,0.014492753623188406,0.014492753623188248,98.55072463768117,"dominancia","30","210"
"30-211","AMÉRICA MÓVIL",62.879102617366016,4828.666700381746,0.6287910261736601,0.28230162027420025,0.3421580251064571,62.87910261736601,"dominancia","30","211"
"31-001","GRUPO TELEVISA",100,10000,1,0,0,100,"monopolio","31","001"
"31-002","AMÉRICA MÓVIL",98.61635220125787,9727.099402713502,0.9861635220125787,0.013836477987421386,0.01383647798742127,98.61635220125787,"dominancia","31","002"
"31-003","AMÉRICA MÓVIL",88.23529411764706,7923.8754325259515,0.8823529411764706,0.1176470588235294,0.11764705882352944,88.23529411764706,"dominancia","31","003"
"31-004","AMÉRICA MÓVIL",92.56756756756756,8623.99561723886,0.9256756756756757,0.07432432432432433,0.07432432432432434,92.56756756756756,"dominancia","31","004"
"31-005","CABLE SISTEMA DEL CENTRO",71.42857142857143,5918.367346938776,0.7142857142857143,0.2857142857142857,0.2857142857142857,71.42857142857143,"dominancia","31","005"
"31-006","GRUPO TELEVISA",93.79844961240309,8836.608376900425,0.9379844961240309,0.062015503875969,0.0620155038759691,93.79844961240309,"dominancia","31","006"
"31-007","AMÉRICA MÓVIL",92.25806451612902,8541.519250780435,0.9225806451612902,0.03870967741935484,0.07517169614984398,92.25806451612902,"dominancia","31","007"
"31-008","GRUPO TELEVISA",100,10000,1,0,0,100,"monopolio","31","008"
"31-009","AMÉRICA MÓVIL",66.66666666666666,5555.555555555555,0.6666666666666665,0.33333333333333326,0.33333333333333337,66.66666666666666,"dominancia","31","009"
"31-010","GRUPO TELEVISA",100,10000,1,0,0,100,"monopolio","31","010"
"31-011","AMÉRICA MÓVIL",99.15254237288136,9831.944843435795,0.9915254237288136,0.00847457627118644,0.008474576271186418,99.15254237288136,"dominancia","31","011"
"31-012","GRUPO TELEVISA",100,10000,1,0,0,100,"monopolio","31","012"
"31-013","AMÉRICA MÓVIL",80.07630351844001,6773.745925564266,0.8007630351844002,0.18991097922848665,0.1974223707568949,80.07630351844001,"dominancia","31","013"
"31-014","GRUPO TELEVISA",100,10000,1,0,0,100,"monopolio","31","014"
"31-015","GRUPO TELEVISA",100,10000,1,0,0,100,"monopolio","31","015"
"31-016","GRUPO TELEVISA",100,10000,1,0,0,100,"monopolio","31","016"
"31-017","GRUPO TELEVISA",100,10000,1,0,0,100,"monopolio","31","017"
"31-018","GRUPO TELEVISA",100,10000,1,0,0,100,"monopolio","31","018"
"31-019","GRUPO TELEVISA",95.84905660377358,9204.271982912067,0.9584905660377357,0.04150943396226415,0.04150943396226425,95.84905660377358,"dominancia","31","019"
"31-020","AMÉRICA MÓVIL",94.73684210526316,9002.770083102494,0.9473684210526316,0.05263157894736842,0.05263157894736836,94.73684210526316,"dominancia","31","020"
"31-021","GRUPO TELEVISA",94.52449567723343,8964.861430623958,0.9452449567723343,0.05475504322766571,0.05475504322766567,94.52449567723343,"dominancia","31","021"
"31-023","AMÉRICA MÓVIL",91.66666666666666,8472.22222222222,0.9166666666666665,0.08333333333333331,0.08333333333333348,91.66666666666666,"dominancia","31","023"
"31-025","GRUPO TELECABLE",100,10000,1,0,0,100,"monopolio","31","025"
"31-026","AMÉRICA MÓVIL",91.95402298850576,8520.280089840138,0.9195402298850576,0.08045977011494253,0.08045977011494243,91.95402298850576,"dominancia","31","026"
"31-027","AMÉRICA MÓVIL",91.3907284768212,8426.384807683875,0.9139072847682119,0.08609271523178809,0.08609271523178808,91.3907284768212,"dominancia","31","027"
"31-028","GRUPO TELEVISA",100,10000,1,0,0,100,"monopolio","31","028"
"31-029","AMÉRICA MÓVIL",86.20689655172414,7621.878715814507,0.8620689655172414,0.13793103448275862,0.13793103448275856,86.20689655172414,"dominancia","31","029"
"31-030","GRUPO TELEVISA",100,10000,1,0,0,100,"monopolio","31","030"
"31-031","GRUPO TELEVISA",100,10000,1,0,0,100,"monopolio","31","031"
"31-032","GRUPO TELEVISA",88.53410740203194,7969.754866542665,0.8853410740203194,0.11465892597968069,0.11465892597968064,88.53410740203194,"dominancia","31","032"
"31-033","AMÉRICA MÓVIL",97.43150684931507,9496.915462563333,0.9743150684931507,0.018835616438356163,0.02553246387689989,97.43150684931507,"dominancia","31","033"
"31-035","AMÉRICA MÓVIL",90.1098901098901,8207.34210844101,0.901098901098901,0.09340659340659341,0.09837278106508879,90.1098901098901,"dominancia","31","035"
"31-036","AMÉRICA MÓVIL",92.30769230769232,8579.881656804737,0.9230769230769232,0.07692307692307693,0.07692307692307676,92.30769230769232,"dominancia","31","036"
"31-038","AMÉRICA MÓVIL",99.90393852065323,9980.806159746273,0.9990393852065322,9.606147934678194e-4,9.606147934677622e-4,99.90393852065323,"dominancia","31","038"
"31-040","GRUPO TELEVISA",71.85185185185186,5937.776253619876,0.7185185185185187,0.27839506172839507,0.280617474470355,71.85185185185186,"dominancia","31","040"
"31-041","GRUPO TELEVISA",73.01502432764796,6050.492179710619,0.7301502432764796,0.26819226862000745,0.26940385759542196,73.01502432764796,"dominancia","31","041"
"31-043","GRUPO TELEVISA",83.33333333333334,7222.2222222222235,0.8333333333333335,0.16666666666666663,0.16666666666666657,83.33333333333334,"dominancia","31","043"
"31-044","CABLE SISTEMA DEL CENTRO",56.060606060606055,4715.335169880624,0.5606060606060606,0.393939393939394,0.42045454545454547,56.060606060606055,"dominancia","31","044"
"31-045","GRUPO TELEVISA",100,10000,1,0,0,100,"monopolio","31","045"
"31-046","GRUPO TELEVISA",100,10000,1,0,0,100,"monopolio","31","046"
"31-047","GRUPO TELECABLE",100,10000,1,0,0,100,"monopolio","31","047"
"31-048","AMÉRICA MÓVIL",94.59234608985025,8964.60696398958,0.9459234608985025,0.03826955074875208,0.0533466823181552,94.59234608985025,"dominancia","31","048"
"31-049","GRUPO TELEVISA",100,10000,1,0,0,100,"monopolio","31","049"
"31-050","AMÉRICA MÓVIL",51.78770329053632,3615.6011090578436,0.5178770329053632,0.2195096243415936,0.3899939269838624,51.78770329053633,"dominancia","31","050"
"31-051","AMÉRICA MÓVIL",76.66666666666666,6422.222222222221,0.7666666666666666,0.2333333333333333,0.23333333333333334,76.66666666666666,"dominancia","31","051"
"31-052","AMÉRICA MÓVIL",50.45500505561173,4970.540454606332,0.5045500505561172,0.4924165824064712,0.49395166855634426,50.45500505561172,"dominancia","31","052"
"31-053","AMÉRICA MÓVIL",99.57386363636364,9915.135911673555,0.9957386363636364,0.004261363636363636,0.0042613636363636465,99.57386363636364,"dominancia","31","053"
"31-055","CABLE SISTEMA DEL CENTRO",100,10000,1,0,0,100,"monopolio","31","055"
"31-056","AMÉRICA MÓVIL",98.86363636363636,9774.93458491807,0.9886363636363636,0.009358288770053475,0.011342859032285713,98.86363636363636,"dominancia","31","056"
"31-057","AMÉRICA MÓVIL",81.18279569892474,6944.733495201758,0.8118279569892474,0.1881720430107527,0.18817204301075263,81.18279569892474,"dominancia","31","057"
"31-058","AMÉRICA MÓVIL",98.8929889298893,9780.625112524189,0.988929889298893,0.008610086100861008,0.011045903816971736,98.8929889298893,"dominancia","31","058"
"31-059","GRUPO TELEVISA",57.81565373402108,5092.617854201856,0.5781565373402109,0.41831128055617856,0.42035967288566367,57.81565373402109,"dominancia","31","059"
"31-060","GRUPO TELEVISA",100,10000,1,0,0,100,"monopolio","31","060"
"31-061","AMÉRICA MÓVIL",92.76595744680851,8657.854232684473,0.9276595744680851,0.07234042553191489,0.07234042553191489,92.76595744680851,"dominancia","31","061"
"31-063","GRUPO TELEVISA",66.66666666666666,5555.555555555555,0.6666666666666665,0.33333333333333326,0.33333333333333337,66.66666666666666,"dominancia","31","063"
"31-065","GRUPO TELEVISA",72.72727272727273,6033.0578512396705,0.7272727272727273,0.2727272727272727,0.2727272727272727,72.72727272727273,"dominancia","31","065"
"31-066","AMÉRICA MÓVIL",95.83333333333333,9201.388888888889,0.9583333333333333,0.04166666666666666,0.04166666666666674,95.83333333333333,"dominancia","31","066"
"31-067","AMÉRICA MÓVIL",69.69696969696969,5335.169880624425,0.6969696969696969,0.18181818181818182,0.2736455463728191,69.69696969696969,"dominancia","31","067"
"31-068","CABLE SISTEMA DEL CENTRO",66.66666666666666,5312.499999999999,0.6666666666666665,0.2916666666666667,0.3203125000000001,66.66666666666666,"dominancia","31","068"
"31-069","GRUPO SALINAS",100,10000,1,0,0,100,"monopolio","31","069"
"31-070","GRUPO TELEVISA",100,10000,1,0,0,100,"monopolio","31","070"
"31-071","GRUPO TELEVISA",100,10000,1,0,0,100,"monopolio","31","071"
"31-073","GRUPO TELEVISA",100,10000,1,0,0,100,"monopolio","31","073"
"31-074","CABLE SISTEMA DEL CENTRO",77.77777777777779,6543.209876543211,0.7777777777777779,0.2222222222222222,0.2222222222222221,77.77777777777779,"dominancia","31","074"
"31-076","AMÉRICA MÓVIL",83.51648351648352,7183.914986112789,0.8351648351648352,0.14285714285714285,0.16145393068469988,83.51648351648352,"dominancia","31","076"
"31-078","GRUPO TELEVISA",80,6800,0.8,0.2,0.19999999999999996,80,"dominancia","31","078"
"31-079","AMÉRICA MÓVIL",99.55874241588529,9912.046630193352,0.9955874241588529,0.0027578599007170436,0.004406643323986104,99.55874241588529,"dominancia","31","079"
"31-080","AMÉRICA MÓVIL",100,10000,1,0,0,100,"monopolio","31","080"
"31-082","AMÉRICA MÓVIL",90.26548672566372,8214.425561907747,0.9026548672566372,0.07964601769911504,0.09577883937661513,90.26548672566372,"dominancia","31","082"
"31-083","AMÉRICA MÓVIL",98.14516129032258,9635.91311134235,0.9814516129032258,0.018548387096774192,0.0185483870967742,98.14516129032258,"dominancia","31","083"
"31-084","GRUPO TELEVISA",87.30569948186529,7783.430427662489,0.8730569948186528,0.12694300518134713,0.12694300518134716,87.30569948186529,"dominancia","31","084"
"31-085","GRUPO TELEVISA",90.87719298245614,8335.73407202216,0.9087719298245613,0.08771929824561403,0.09091412742382277,90.87719298245614,"dominancia","31","085"
"31-086","GRUPO TELEVISA",100,10000,1,0,0,100,"monopolio","31","086"
"31-087","CABLE SISTEMA DEL CENTRO",50,5000,0.5,0.5,0.5,50,"no dominancia","31","087"
"31-088","GRUPO TELEVISA",100,10000,1,0,0,100,"monopolio","31","088"
"31-089","AMÉRICA MÓVIL",78.08672624958622,6570.516371058552,0.7808672624958622,0.21747765640516387,0.2187714246988503,78.08672624958622,"dominancia","31","089"
"31-090","GRUPO TELEVISA",100,10000,1,0,0,100,"monopolio","31","090"
"31-091","AMÉRICA MÓVIL",96.12403100775194,9254.852472808125,0.9612403100775194,0.03875968992248062,0.03875968992248058,96.12403100775194,"dominancia","31","091"
"31-092","GRUPO TELEVISA",100,10000,1,0,0,100,"monopolio","31","092"
"31-093","AMÉRICA MÓVIL",98.59437751004015,9722.647842597518,0.9859437751004014,0.013386880856760375,0.014047040459921056,98.59437751004015,"dominancia","31","093"
"31-094","GRUPO TELEVISA",100,10000,1,0,0,100,"monopolio","31","094"
"31-095","GRUPO TELEVISA",51.724137931034484,5005.945303210465,0.5172413793103449,0.48275862068965525,0.4827586206896552,51.724137931034484,"dominancia","31","095"
"31-096","GRUPO TELEVISA",55.04361016306409,5042.369828505951,0.5504361016306408,0.4486158513462268,0.44913814005038133,55.04361016306408,"dominancia","31","096"
"31-097","GRUPO TELEVISA",100,10000,1,0,0,100,"monopolio","31","097"
"31-098","AMÉRICA MÓVIL",95.91078066914498,9211.522781608877,0.9591078066914498,0.03531598513011153,0.04067971697461342,95.91078066914498,"dominancia","31","098"
"31-099","GRUPO TELEVISA",100,10000,1,0,0,100,"monopolio","31","099"
"31-100","AMÉRICA MÓVIL",88.6178861788618,7982.682265847049,0.8861788617886179,0.11382113821138211,0.11382113821138207,88.6178861788618,"dominancia","31","100"
"31-101","AMÉRICA MÓVIL",41.89083820662768,3475.273303466593,0.4189083820662768,0.3306042884990253,0.4669074815042805,41.89083820662768,"no dominancia","31","101"
"31-102","GRUPO TELEVISA",63.91550948562488,5373.929402811157,0.6391550948562488,0.35898689614707613,0.3601761781623056,63.91550948562488,"dominancia","31","102"
"31-103","CABLE SISTEMA DEL CENTRO",75,6250,0.75,0.25,0.25,75,"dominancia","31","103"
"31-104","GRUPO TELEVISA",100,10000,1,0,0,100,"monopolio","31","104"
"31-105","GRUPO TELEVISA",100,10000,1,0,0,100,"monopolio","31","105"
"32-001","AMÉRICA MÓVIL",100.00000000000001,10000.000000000004,1.0000000000000002,0,-2.220446049250313e-16,100.00000000000003,"monopolio","32","001"
"32-003","AMÉRICA MÓVIL",100.00000000000001,10000.000000000004,1.0000000000000002,0,-2.220446049250313e-16,100.00000000000003,"monopolio","32","003"
"32-004","AMÉRICA MÓVIL",100,10000,1,0,0,100,"monopolio","32","004"
"32-005","AMÉRICA MÓVIL",99.4634041639837,9893.140607550415,0.9946340416398369,0.0038634900193174502,0.005359024883166252,99.4634041639837,"dominancia","32","005"
"32-006","AMÉRICA MÓVIL",99.6825396825397,9936.709498614264,0.996825396825397,0.0031746031746031746,0.0031746031746030523,99.6825396825397,"dominancia","32","006"
"32-007","AMÉRICA MÓVIL",99.53703703703704,9907.836076817559,0.9953703703703703,0.004629629629629629,0.00462962962962965,99.53703703703704,"dominancia","32","007"
"32-008","AMÉRICA MÓVIL",96.01910828025477,9235.516653819626,0.9601910828025477,0.03980891719745223,0.039808917197452276,96.01910828025477,"dominancia","32","008"
"32-009","AMÉRICA MÓVIL",96.07843137254903,9246.443675509423,0.9607843137254903,0.0392156862745098,0.039215686274509665,96.07843137254903,"dominancia","32","009"
"32-010","AMÉRICA MÓVIL",51.7112707137985,3861.6636145801,0.517112707137985,0.27909962685070017,0.40524552491231236,51.7112707137985,"dominancia","32","010"
"32-011","AMÉRICA MÓVIL",100,10000,1,0,0,100,"monopolio","32","011"
"32-012","GRUPO TELEVISA",100,10000,1,0,0,100,"monopolio","32","012"
"32-013","AMÉRICA MÓVIL",86.9281045751634,7727.369815028408,0.869281045751634,0.13071895424836602,0.130718954248366,86.9281045751634,"dominancia","32","013"
"32-014","AMÉRICA MÓVIL",99.30348258706466,9861.666790425978,0.9930348258706466,0.006965174129353234,0.00696517412935338,99.30348258706466,"dominancia","32","014"
"32-016","AMÉRICA MÓVIL",100,10000,1,0,0,100,"monopolio","32","016"
"32-017","AMÉRICA MÓVIL",65.81185466462067,5490.818588617542,0.6581185466462067,0.34052901245806133,0.3414199934429736,65.81185466462067,"dominancia","32","017"
"32-018","AMÉRICA MÓVIL",100,10000,1,0,0,100,"monopolio","32","018"
"32-019","MEGACABLE-MCM",50.09037505648441,5000.016335301669,0.5009037505648442,0.4990962494351559,0.49909624943515585,50.09037505648442,"dominancia","32","019"
"32-020","AMÉRICA MÓVIL",88.81471833279062,7994.373579756466,0.8881471833279062,0.10273526538586779,0.11087455775030564,88.81471833279062,"dominancia","32","020"
"32-021","GRUPO TELEVISA",100,10000,1,0,0,100,"monopolio","32","021"
"32-022","AMÉRICA MÓVIL",99.82072427393332,9964.209134358578,0.9982072427393333,0.0017927572606669057,0.0017927572606667441,99.82072427393332,"dominancia","32","022"
"32-023","AMÉRICA MÓVIL",100,10000,1,0,0,100,"monopolio","32","023"
"32-024","AMÉRICA MÓVIL",98.86557005104935,9775.625134926704,0.9886557005104935,0.01106069200226886,0.011341122377837298,98.86557005104935,"dominancia","32","024"
"32-025","AMÉRICA MÓVIL",97.99777530589543,9607.57286863045,0.9799777530589543,0.020022246941045607,0.020022246941045707,97.99777530589543,"dominancia","32","025"
"32-026","AMÉRICA MÓVIL",93,8674,0.93,0.04,0.06834999999999997,93,"dominancia","32","026"
"32-028","GRUPO TELEVISA",100,10000,1,0,0,100,"monopolio","32","028"
"32-029","AMÉRICA MÓVIL",99.95638901003052,9991.281605842996,0.9995638901003052,4.361098996947231e-4,4.36109899694781e-4,99.95638901003052,"dominancia","32","029"
"32-030","AMÉRICA MÓVIL",100,10000,1,0,0,100,"monopolio","32","030"
"32-031","AMÉRICA MÓVIL",100,10000,1,0,0,100,"monopolio","32","031"
"32-032","AMÉRICA MÓVIL",99.39989088925259,9880.591293343323,0.9939989088925258,0.004909983633387889,0.0059951385298741,99.39989088925259,"dominancia","32","032"
"32-033","AMÉRICA MÓVIL",99.99999999999999,9999.999999999996,0.9999999999999999,0,1.1102230246251565e-16,99.99999999999999,"monopolio","32","033"
"32-034","AMÉRICA MÓVIL",99.72776769509983,9945.681173645675,0.9972776769509983,0.002268602540834846,0.0027211908063542456,99.72776769509983,"dominancia","32","034"
"32-035","AMÉRICA MÓVIL",98.75776397515529,9754.639095713901,0.9875776397515529,0.012422360248447204,0.012422360248447117,98.75776397515529,"dominancia","32","035"
"32-036","MEGACABLE-MCM",67.01499318491595,5543.582168363024,0.6701499318491595,0.3243980009086778,0.3280665659180567,67.01499318491595,"dominancia","32","036"
"32-037","AMÉRICA MÓVIL",84.77157360406092,7418.124661805253,0.8477157360406092,0.15228426395939088,0.15228426395939082,84.77157360406092,"dominancia","32","037"
"32-038","AMÉRICA MÓVIL",99.06152241918664,9813.891990809856,0.9906152241918664,0.008342022940563087,0.009375533473019504,99.06152241918664,"dominancia","32","038"
"32-039","AMÉRICA MÓVIL",99.90933816863101,9981.880127469056,0.9990933816863101,5.439709882139619e-4,9.063552875245295e-4,99.90933816863101,"dominancia","32","039"
"32-040","AMÉRICA MÓVIL",99.19786096256685,9840.57307901284,0.9919786096256685,0.005347593582887699,0.008003517401126647,99.19786096256685,"dominancia","32","040"
"32-041","GRUPO TELEVISA",100,10000,1,0,0,100,"monopolio","32","041"
"32-042","AMÉRICA MÓVIL",99.86936642717178,9973.90267538107,0.9986936642717178,0.001088613106901807,0.001306075011012986,99.86936642717178,"dominancia","32","042"
"32-043","GRUPO TELEVISA",100,10000,1,0,0,100,"monopolio","32","043"
"32-044","AMÉRICA MÓVIL",100,10000,1,0,0,100,"monopolio","32","044"
"32-045","AMÉRICA MÓVIL",99.82394366197184,9964.850724062688,0.9982394366197184,0.0017605633802816904,0.0017605633802816323,99.82394366197184,"dominancia","32","045"
"32-046","AMÉRICA MÓVIL",100,10000,1,0,0,100,"monopolio","32","046"
"32-047","AMÉRICA MÓVIL",99.6389891696751,9928.058491574244,0.996389891696751,0.0036101083032490976,0.0036101083032490378,99.6389891696751,"dominancia","32","047"
"32-048","AMÉRICA MÓVIL",99.96718083360682,9993.438320916728,0.9996718083360682,3.2819166393173606e-4,3.2819166393183163e-4,99.96718083360682,"dominancia","32","048"
"32-049","AMÉRICA MÓVIL",99.92979992979993,9985.969842059698,0.9992979992979992,7.02000702000702e-4,7.020007020007712e-4,99.92979992979993,"dominancia","32","049"
"32-050","AMÉRICA MÓVIL",100,10000,1,0,0,100,"monopolio","32","050"
"32-051","AMÉRICA MÓVIL",80.22239872915011,6823.657592261846,0.8022239872915011,0.19698173153296267,0.19761923838592477,80.22239872915011,"dominancia","32","051"
"32-052","AMÉRICA MÓVIL",98.16933638443935,9640.569935434543,0.9816933638443934,0.018306636155606407,0.01830663615560657,98.16933638443935,"dominancia","32","052"
"32-053","AMÉRICA MÓVIL",100,10000,1,0,0,100,"monopolio","32","053"
"32-054","AMÉRICA MÓVIL",100,10000,1,0,0,100,"monopolio","32","054"
"32-055","MEGACABLE-MCM",80.45695107783658,6664.983837895651,0.8045695107783658,0.11126887827546145,0.18252433279927027,80.45695107783658,"dominancia","32","055"
"32-056","MEGACABLE-MCM",50.969227548670716,3930.508714143314,0.5096922754867071,0.32726257762891636,0.42365728951275256,50.969227548670716,"dominancia","32","056"
"32-057","AMÉRICA MÓVIL",99.82394366197182,9964.850724062686,0.9982394366197183,0.0017605633802816904,0.0017605633802817433,99.82394366197182,"dominancia","32","057"
"32-058","AMÉRICA MÓVIL",100,10000,1,0,0,100,"monopolio","32","058"
"32-100","INTERCABLE DEL MAYAB, S. DE R.L. DE C.V.",100,10000,1,0,0,100,"monopolio","32","100"
"32-102","INTERCABLE DEL MAYAB, S. DE R.L. DE C.V.",100,10000,1,0,0,100,"monopolio","32","102"
